checking_status,duration_months,credit_history,purpose,credit_amount,savings_status,employment_since,installment_rate_pct_income,other_debtors,residence_since,property,age_years,other_installment_plans,housing,existing_credits,job,liable_people,telephone,foreign_worker,default,sex
lt_0,6,A34,A43,1169,unknown_none,ge_7y,4,A101,4,real_estate,67,A143,own,2,A173,1,A192,A201,0,male
0_to_200,48,A32,A43,5951,lt_100,1_4y,2,A101,2,real_estate,22,A143,own,1,A173,1,A191,A201,1,female
none,12,A34,A46,2096,lt_100,4_7y,2,A101,3,real_estate,49,A143,own,1,A172,2,A191,A201,0,male
lt_0,42,A32,A42,7882,lt_100,4_7y,2,A103,4,life_insurance,45,A143,free,1,A173,2,A191,A201,0,male
lt_0,24,A33,A40,4870,lt_100,1_4y,3,A101,4,none,53,A143,free,2,A173,2,A191,A201,1,male
none,36,A32,A46,9055,unknown_none,1_4y,2,A101,4,none,35,A143,free,1,A172,2,A192,A201,0,male
none,24,A32,A42,2835,500_1000,ge_7y,3,A101,4,life_insurance,53,A143,own,1,A173,1,A191,A201,0,male
0_to_200,36,A32,A41,6948,lt_100,1_4y,2,A101,2,car_other,35,A143,rent,1,A174,1,A192,A201,0,male
none,12,A32,A43,3059,ge_1000,4_7y,2,A101,4,real_estate,61,A143,own,1,A172,1,A191,A201,0,male
0_to_200,30,A34,A40,5234,lt_100,unemployed,4,A101,2,car_other,28,A143,own,2,A174,1,A191,A201,1,male
0_to_200,12,A32,A40,1295,lt_100,lt_1y,3,A101,1,car_other,25,A143,rent,1,A173,1,A191,A201,1,female
lt_0,48,A32,A49,4308,lt_100,lt_1y,3,A101,4,life_insurance,24,A143,rent,1,A173,1,A191,A201,1,female
0_to_200,12,A32,A43,1567,lt_100,1_4y,1,A101,1,car_other,22,A143,own,1,A173,1,A192,A201,0,female
lt_0,24,A34,A40,1199,lt_100,ge_7y,4,A101,4,car_other,60,A143,own,2,A172,1,A191,A201,1,male
lt_0,15,A32,A40,1403,lt_100,1_4y,2,A101,4,car_other,28,A143,rent,1,A173,1,A191,A201,0,female
lt_0,24,A32,A43,1282,100_500,1_4y,4,A101,2,car_other,32,A143,own,1,A172,1,A191,A201,1,female
none,24,A34,A43,2424,unknown_none,ge_7y,4,A101,4,life_insurance,53,A143,own,2,A173,1,A191,A201,0,male
lt_0,30,A30,A49,8072,unknown_none,lt_1y,2,A101,3,car_other,25,A141,own,3,A173,1,A191,A201,0,male
0_to_200,24,A32,A41,12579,lt_100,ge_7y,4,A101,2,none,44,A143,free,1,A174,1,A192,A201,1,female
none,24,A32,A43,3430,500_1000,ge_7y,3,A101,2,car_other,31,A143,own,1,A173,2,A192,A201,0,male
none,9,A34,A40,2134,lt_100,1_4y,4,A101,4,car_other,48,A143,own,3,A173,1,A192,A201,0,male
lt_0,6,A32,A43,2647,500_1000,1_4y,2,A101,3,real_estate,44,A143,rent,1,A173,2,A191,A201,0,male
lt_0,10,A34,A40,2241,lt_100,lt_1y,1,A101,3,real_estate,48,A143,rent,2,A172,2,A191,A202,0,male
0_to_200,12,A34,A41,1804,100_500,lt_1y,3,A101,4,life_insurance,44,A143,own,1,A173,1,A191,A201,0,male
none,10,A34,A42,2069,unknown_none,1_4y,2,A101,1,car_other,26,A143,own,2,A173,1,A191,A202,0,male
lt_0,6,A32,A42,1374,lt_100,1_4y,1,A101,2,real_estate,36,A141,own,1,A172,1,A192,A201,0,male
none,6,A30,A43,426,lt_100,ge_7y,4,A101,4,car_other,39,A143,own,1,A172,1,A191,A201,0,male
ge_200,12,A31,A43,409,ge_1000,1_4y,3,A101,3,real_estate,42,A143,rent,2,A173,1,A191,A201,0,female
0_to_200,7,A32,A43,2415,lt_100,1_4y,3,A103,2,real_estate,34,A143,own,1,A173,1,A191,A201,0,male
lt_0,60,A33,A49,6836,lt_100,ge_7y,3,A101,4,none,63,A143,own,2,A173,1,A192,A201,1,male
0_to_200,18,A32,A49,1913,ge_1000,lt_1y,3,A101,3,real_estate,36,A141,own,1,A173,1,A192,A201,0,male
lt_0,24,A32,A42,4020,lt_100,1_4y,2,A101,2,car_other,27,A142,own,1,A173,1,A191,A201,0,male
0_to_200,18,A32,A40,5866,100_500,1_4y,2,A101,2,car_other,30,A143,own,2,A173,1,A192,A201,0,male
none,12,A34,A49,1264,unknown_none,ge_7y,4,A101,4,none,57,A143,rent,1,A172,1,A191,A201,0,male
ge_200,12,A32,A42,1474,lt_100,lt_1y,4,A101,1,life_insurance,33,A141,own,1,A174,1,A192,A201,0,female
0_to_200,45,A34,A43,4746,lt_100,lt_1y,4,A101,2,life_insurance,25,A143,own,2,A172,1,A191,A201,1,male
none,48,A34,A46,6110,lt_100,1_4y,1,A101,3,none,31,A141,free,1,A173,1,A192,A201,0,male
ge_200,18,A32,A43,2100,lt_100,1_4y,4,A102,2,real_estate,37,A142,own,1,A173,1,A191,A201,1,male
ge_200,10,A32,A44,1225,lt_100,1_4y,2,A101,2,car_other,37,A143,own,1,A173,1,A192,A201,0,male
0_to_200,9,A32,A43,458,lt_100,1_4y,4,A101,3,real_estate,24,A143,own,1,A173,1,A191,A201,0,male
none,30,A32,A43,2333,500_1000,ge_7y,4,A101,2,car_other,30,A141,own,1,A174,1,A191,A201,0,male
0_to_200,12,A32,A43,1158,500_1000,1_4y,3,A101,1,car_other,26,A143,own,1,A173,1,A192,A201,0,male
0_to_200,18,A33,A45,6204,lt_100,1_4y,2,A101,4,real_estate,44,A143,own,1,A172,2,A192,A201,0,male
lt_0,30,A34,A41,6187,100_500,4_7y,1,A101,4,car_other,24,A143,rent,2,A173,1,A191,A201,0,male
lt_0,48,A34,A41,6143,lt_100,ge_7y,4,A101,4,none,58,A142,free,2,A172,1,A191,A201,1,female
none,11,A34,A40,1393,lt_100,lt_1y,4,A101,4,car_other,35,A143,own,2,A174,1,A191,A201,0,female
none,36,A32,A43,2299,500_1000,ge_7y,4,A101,4,car_other,39,A143,own,1,A173,1,A191,A201,0,male
lt_0,6,A32,A41,1352,500_1000,unemployed,1,A101,2,life_insurance,23,A143,rent,1,A171,1,A192,A201,0,female
none,11,A34,A40,7228,lt_100,1_4y,1,A101,4,life_insurance,39,A143,own,2,A172,1,A191,A201,0,male
none,12,A32,A43,2073,100_500,1_4y,4,A102,2,real_estate,28,A143,own,1,A173,1,A191,A201,0,female
0_to_200,24,A33,A42,2333,unknown_none,lt_1y,4,A101,2,life_insurance,29,A141,own,1,A172,1,A191,A201,0,male
0_to_200,27,A33,A41,5965,lt_100,ge_7y,1,A101,2,car_other,30,A143,own,2,A174,1,A192,A201,0,male
none,12,A32,A43,1262,lt_100,1_4y,3,A101,2,car_other,25,A143,own,1,A173,1,A191,A201,0,male
none,18,A32,A41,3378,unknown_none,1_4y,2,A101,1,life_insurance,31,A143,own,1,A173,1,A192,A201,0,male
0_to_200,36,A33,A40,2225,lt_100,ge_7y,4,A101,4,none,57,A141,free,2,A173,1,A192,A201,1,male
none,6,A31,A40,783,unknown_none,1_4y,1,A103,2,real_estate,26,A142,own,1,A172,2,A191,A201,0,male
0_to_200,12,A32,A43,6468,unknown_none,unemployed,2,A101,1,none,52,A143,own,1,A174,1,A192,A201,1,male
none,36,A34,A43,9566,lt_100,1_4y,2,A101,2,car_other,31,A142,own,2,A173,1,A191,A201,0,female
ge_200,18,A32,A40,1961,lt_100,ge_7y,3,A101,2,car_other,23,A143,own,1,A174,1,A191,A201,0,female
lt_0,36,A34,A42,6229,lt_100,lt_1y,4,A102,4,none,23,A143,rent,2,A172,1,A192,A201,1,female
0_to_200,9,A32,A49,1391,lt_100,1_4y,2,A101,1,real_estate,27,A141,own,1,A173,1,A192,A201,0,male
0_to_200,15,A34,A43,1537,unknown_none,ge_7y,4,A103,4,real_estate,50,A143,own,2,A173,1,A192,A201,0,male
0_to_200,36,A30,A49,1953,lt_100,ge_7y,4,A101,4,none,61,A143,free,1,A174,1,A192,A201,1,male
0_to_200,48,A30,A49,14421,lt_100,1_4y,2,A101,2,car_other,25,A143,own,1,A173,1,A192,A201,1,male
none,24,A32,A43,3181,lt_100,lt_1y,4,A101,4,life_insurance,26,A143,own,1,A173,1,A192,A201,0,female
none,27,A32,A45,5190,unknown_none,ge_7y,4,A101,4,life_insurance,48,A143,own,4,A173,2,A192,A201,0,male
none,12,A32,A43,2171,lt_100,lt_1y,2,A101,2,car_other,29,A141,own,1,A173,1,A191,A201,0,female
0_to_200,12,A32,A40,1007,ge_1000,1_4y,4,A101,1,real_estate,22,A143,own,1,A173,1,A191,A201,0,male
none,36,A32,A46,1819,lt_100,1_4y,4,A101,4,none,37,A142,free,1,A173,1,A192,A201,1,male
none,36,A32,A43,2394,unknown_none,1_4y,4,A101,4,car_other,25,A143,own,1,A173,1,A191,A201,0,female
none,36,A32,A41,8133,lt_100,1_4y,1,A101,2,life_insurance,30,A141,own,1,A173,1,A191,A201,0,female
none,7,A34,A43,730,unknown_none,ge_7y,4,A101,2,life_insurance,46,A143,rent,2,A172,1,A192,A201,0,male
lt_0,8,A34,A410,1164,lt_100,ge_7y,3,A101,4,none,51,A141,free,2,A174,2,A192,A201,0,male
0_to_200,42,A34,A49,5954,lt_100,4_7y,2,A101,1,real_estate,41,A141,own,2,A172,1,A191,A201,0,female
lt_0,36,A32,A46,1977,unknown_none,ge_7y,4,A101,4,none,40,A143,own,1,A174,1,A192,A201,1,male
lt_0,12,A34,A41,1526,lt_100,ge_7y,4,A101,4,none,66,A143,free,2,A174,1,A191,A201,0,male
lt_0,42,A32,A43,3965,lt_100,lt_1y,4,A101,3,car_other,34,A143,own,1,A173,1,A191,A201,1,male
0_to_200,11,A33,A43,4771,lt_100,4_7y,2,A101,4,life_insurance,51,A143,own,1,A173,1,A191,A201,0,male
none,54,A30,A41,9436,unknown_none,1_4y,2,A101,2,life_insurance,39,A143,own,1,A172,2,A191,A201,0,male
0_to_200,30,A32,A42,3832,lt_100,lt_1y,2,A101,1,life_insurance,22,A143,own,1,A173,1,A191,A201,0,male
none,24,A32,A43,5943,unknown_none,lt_1y,1,A101,1,car_other,44,A143,own,2,A173,1,A192,A201,1,female
none,15,A32,A43,1213,500_1000,ge_7y,4,A101,3,life_insurance,47,A142,own,1,A173,1,A192,A201,0,male
none,18,A32,A49,1568,100_500,1_4y,3,A101,4,life_insurance,24,A143,rent,1,A172,1,A191,A201,0,female
lt_0,24,A32,A410,1755,lt_100,ge_7y,4,A103,4,real_estate,58,A143,own,1,A172,1,A192,A201,0,female
lt_0,10,A32,A43,2315,lt_100,ge_7y,3,A101,4,real_estate,52,A143,own,1,A172,1,A191,A201,0,male
none,12,A34,A49,1412,lt_100,1_4y,4,A103,2,real_estate,29,A143,own,2,A174,1,A192,A201,0,female
0_to_200,18,A34,A42,1295,lt_100,lt_1y,4,A101,1,life_insurance,27,A143,own,2,A173,1,A191,A201,0,female
0_to_200,36,A32,A46,12612,100_500,1_4y,1,A101,4,none,47,A143,free,1,A173,2,A192,A201,1,male
lt_0,18,A32,A40,2249,100_500,4_7y,4,A101,3,car_other,30,A143,own,1,A174,2,A192,A201,0,male
lt_0,12,A30,A45,1108,lt_100,4_7y,4,A101,3,real_estate,28,A143,own,2,A173,1,A191,A201,1,male
none,12,A34,A43,618,lt_100,ge_7y,4,A101,4,real_estate,56,A143,own,1,A173,1,A191,A201,0,male
lt_0,12,A34,A41,1409,lt_100,ge_7y,4,A101,3,real_estate,54,A143,own,1,A173,1,A191,A201,0,male
none,12,A34,A43,797,unknown_none,ge_7y,4,A101,3,life_insurance,33,A141,own,1,A172,2,A191,A201,1,female
ge_200,24,A34,A42,3617,unknown_none,ge_7y,4,A102,4,none,20,A143,rent,2,A173,1,A191,A201,0,male
0_to_200,12,A32,A40,1318,ge_1000,ge_7y,4,A101,4,real_estate,54,A143,own,1,A173,1,A192,A201,0,male
0_to_200,54,A30,A49,15945,lt_100,lt_1y,3,A101,4,none,58,A143,rent,1,A173,1,A192,A201,1,male
none,12,A34,A46,2012,unknown_none,4_7y,4,A101,2,car_other,61,A143,own,1,A173,1,A191,A201,0,female
0_to_200,18,A32,A49,2622,100_500,1_4y,4,A101,4,car_other,34,A143,own,1,A173,1,A191,A201,0,male
0_to_200,36,A34,A43,2337,lt_100,ge_7y,4,A101,4,real_estate,36,A143,own,1,A173,1,A191,A201,0,male
0_to_200,20,A33,A41,7057,unknown_none,4_7y,3,A101,4,life_insurance,36,A141,rent,2,A174,2,A192,A201,0,male
none,24,A32,A40,1469,100_500,ge_7y,4,A101,4,real_estate,41,A143,rent,1,A172,1,A191,A201,0,male
0_to_200,36,A32,A43,2323,lt_100,4_7y,4,A101,4,car_other,24,A143,rent,1,A173,1,A191,A201,0,male
none,6,A33,A43,932,lt_100,1_4y,3,A101,2,real_estate,24,A143,own,1,A173,1,A191,A201,0,female
0_to_200,9,A34,A42,1919,lt_100,4_7y,4,A101,3,car_other,35,A143,rent,1,A173,1,A192,A201,0,male
none,12,A32,A41,2445,unknown_none,lt_1y,2,A101,4,car_other,26,A143,rent,1,A173,1,A192,A201,0,male
0_to_200,24,A34,A410,11938,lt_100,1_4y,2,A102,3,car_other,39,A143,own,2,A174,2,A192,A201,1,male
none,18,A31,A40,6458,lt_100,ge_7y,2,A101,4,none,39,A141,own,2,A174,2,A192,A201,1,male
0_to_200,12,A32,A40,6078,lt_100,4_7y,2,A101,2,car_other,32,A143,own,1,A173,1,A191,A201,0,male
lt_0,24,A32,A42,7721,unknown_none,lt_1y,1,A101,2,life_insurance,30,A143,own,1,A173,1,A192,A202,0,female
0_to_200,14,A32,A49,1410,500_1000,ge_7y,1,A101,2,real_estate,35,A143,own,1,A173,1,A192,A201,0,male
0_to_200,6,A33,A49,1449,100_500,ge_7y,1,A101,2,car_other,31,A141,own,2,A173,2,A191,A201,0,male
ge_200,15,A32,A46,392,lt_100,lt_1y,4,A101,4,life_insurance,23,A143,rent,1,A173,1,A192,A201,0,female
0_to_200,18,A32,A40,6260,lt_100,4_7y,3,A101,3,real_estate,28,A143,rent,1,A172,1,A191,A201,0,male
none,36,A34,A40,7855,lt_100,1_4y,4,A101,2,real_estate,25,A142,own,2,A173,1,A192,A201,1,female
lt_0,12,A32,A43,1680,500_1000,ge_7y,3,A101,1,real_estate,35,A143,own,1,A173,1,A191,A201,0,male
none,48,A34,A43,3578,unknown_none,ge_7y,4,A101,1,real_estate,47,A143,own,1,A173,1,A192,A201,0,male
lt_0,42,A32,A43,7174,unknown_none,4_7y,4,A101,3,car_other,30,A143,own,1,A174,1,A192,A201,1,female
lt_0,10,A34,A42,2132,unknown_none,lt_1y,2,A102,3,real_estate,27,A143,rent,2,A173,1,A191,A202,0,female
lt_0,33,A34,A42,4281,500_1000,1_4y,1,A101,4,car_other,23,A143,own,2,A173,1,A191,A201,1,female
0_to_200,12,A34,A40,2366,500_1000,4_7y,3,A101,3,car_other,36,A143,own,1,A174,1,A192,A201,0,male
lt_0,21,A32,A43,1835,lt_100,1_4y,3,A101,2,real_estate,25,A143,own,2,A173,1,A192,A201,1,female
none,24,A34,A41,3868,lt_100,ge_7y,4,A101,2,car_other,41,A143,rent,2,A174,1,A192,A201,0,female
none,12,A32,A42,1768,lt_100,1_4y,3,A101,2,real_estate,24,A143,rent,1,A172,1,A191,A201,0,male
ge_200,10,A34,A40,781,lt_100,ge_7y,4,A101,4,none,63,A143,free,2,A173,1,A192,A201,0,male
0_to_200,18,A32,A42,1924,unknown_none,lt_1y,4,A101,3,real_estate,27,A143,rent,1,A173,1,A191,A201,1,female
lt_0,12,A34,A40,2121,lt_100,1_4y,4,A101,2,life_insurance,30,A143,own,2,A173,1,A191,A201,0,male
lt_0,12,A32,A43,701,lt_100,1_4y,4,A101,2,real_estate,40,A143,own,1,A172,1,A191,A201,0,male
0_to_200,12,A32,A45,639,lt_100,1_4y,4,A101,2,car_other,30,A143,own,1,A173,1,A191,A201,1,male
0_to_200,12,A34,A41,1860,lt_100,unemployed,4,A101,2,car_other,34,A143,own,2,A174,1,A192,A201,0,male
lt_0,12,A34,A40,3499,lt_100,1_4y,3,A102,2,real_estate,29,A143,own,2,A173,1,A191,A201,1,female
0_to_200,48,A32,A40,8487,unknown_none,4_7y,1,A101,2,car_other,24,A143,own,1,A173,1,A191,A201,0,female
lt_0,36,A33,A46,6887,lt_100,1_4y,4,A101,3,life_insurance,29,A142,own,1,A173,1,A192,A201,1,male
none,15,A32,A42,2708,lt_100,lt_1y,2,A101,3,life_insurance,27,A141,own,2,A172,1,A191,A201,0,male
none,18,A32,A42,1984,lt_100,1_4y,4,A101,4,none,47,A141,free,2,A173,1,A191,A201,0,male
none,60,A32,A43,10144,100_500,4_7y,2,A101,4,real_estate,21,A143,own,1,A173,1,A192,A201,0,female
none,12,A34,A43,1240,unknown_none,ge_7y,4,A101,2,real_estate,38,A143,own,2,A173,1,A192,A201,0,female
none,27,A33,A41,8613,ge_1000,1_4y,2,A101,2,car_other,27,A143,own,2,A173,1,A191,A201,0,male
0_to_200,12,A32,A43,766,500_1000,1_4y,4,A101,3,real_estate,66,A143,own,1,A172,1,A191,A201,1,male
0_to_200,15,A34,A43,2728,unknown_none,4_7y,4,A103,2,real_estate,35,A141,own,3,A173,1,A192,A201,0,male
ge_200,12,A32,A43,1881,lt_100,1_4y,2,A101,2,car_other,44,A143,rent,1,A172,1,A192,A201,0,female
ge_200,6,A32,A40,709,ge_1000,lt_1y,2,A101,2,real_estate,27,A143,own,1,A171,1,A191,A202,0,male
0_to_200,36,A32,A43,4795,lt_100,lt_1y,4,A101,1,none,30,A143,own,1,A174,1,A192,A201,0,female
lt_0,27,A32,A43,3416,lt_100,1_4y,3,A101,2,car_other,27,A143,own,1,A174,1,A191,A201,0,male
lt_0,18,A32,A42,2462,lt_100,1_4y,2,A101,2,car_other,22,A143,own,1,A173,1,A191,A201,1,male
none,21,A34,A42,2288,lt_100,lt_1y,4,A101,4,life_insurance,23,A143,own,1,A173,1,A192,A201,0,female
0_to_200,48,A31,A49,3566,100_500,4_7y,4,A101,2,car_other,30,A143,own,1,A173,1,A191,A201,0,male
lt_0,6,A34,A40,860,lt_100,ge_7y,1,A101,4,none,39,A143,own,2,A173,1,A192,A201,0,female
none,12,A34,A40,682,100_500,4_7y,4,A101,3,car_other,51,A143,own,2,A173,1,A192,A201,0,female
lt_0,36,A34,A42,5371,lt_100,1_4y,3,A103,2,life_insurance,28,A143,own,2,A173,1,A191,A201,0,male
none,18,A34,A43,1582,ge_1000,ge_7y,4,A101,4,car_other,46,A143,own,2,A173,1,A191,A201,0,male
none,6,A32,A43,1346,100_500,ge_7y,2,A101,4,none,42,A141,free,1,A173,2,A192,A201,0,male
none,10,A32,A43,1924,lt_100,1_4y,1,A101,4,life_insurance,38,A143,own,1,A173,1,A192,A202,0,male
ge_200,36,A32,A43,5848,lt_100,1_4y,4,A101,1,car_other,24,A143,own,1,A173,1,A191,A201,0,male
0_to_200,24,A34,A41,7758,ge_1000,ge_7y,2,A101,4,none,29,A143,rent,1,A173,1,A191,A201,0,female
0_to_200,24,A33,A49,6967,100_500,4_7y,4,A101,4,car_other,36,A143,rent,1,A174,1,A192,A201,0,male
lt_0,12,A32,A42,1282,lt_100,1_4y,2,A101,4,car_other,20,A143,rent,1,A173,1,A191,A201,1,female
lt_0,9,A34,A45,1288,100_500,ge_7y,3,A103,4,real_estate,48,A143,own,2,A173,2,A191,A202,0,male
lt_0,12,A31,A48,339,lt_100,ge_7y,4,A101,1,car_other,45,A141,own,1,A172,1,A191,A201,0,male
0_to_200,24,A32,A40,3512,100_500,4_7y,2,A101,3,car_other,38,A141,own,2,A173,1,A192,A201,0,male
none,6,A34,A43,1898,unknown_none,1_4y,1,A101,2,real_estate,34,A143,own,2,A172,2,A191,A201,0,male
none,24,A34,A43,2872,100_500,ge_7y,3,A101,4,real_estate,36,A143,own,1,A173,2,A192,A201,0,male
none,18,A34,A40,1055,lt_100,lt_1y,4,A101,1,life_insurance,30,A143,own,2,A173,1,A191,A201,0,female
none,15,A32,A44,1262,500_1000,4_7y,4,A101,3,life_insurance,36,A143,own,2,A173,1,A192,A201,0,male
0_to_200,10,A32,A40,7308,lt_100,unemployed,2,A101,4,none,70,A141,free,1,A174,1,A192,A201,0,male
none,36,A32,A40,909,500_1000,ge_7y,4,A101,4,life_insurance,36,A143,own,1,A173,1,A191,A201,0,male
none,6,A32,A42,2978,500_1000,1_4y,1,A101,2,car_other,32,A143,own,1,A173,1,A192,A201,0,male
lt_0,18,A32,A42,1131,lt_100,unemployed,4,A101,2,car_other,33,A143,own,1,A173,1,A191,A201,1,female
0_to_200,11,A32,A42,1577,ge_1000,lt_1y,4,A101,1,real_estate,20,A143,own,1,A173,1,A191,A201,0,female
none,24,A32,A42,3972,lt_100,4_7y,2,A101,4,life_insurance,25,A143,rent,1,A173,1,A192,A201,0,female
0_to_200,24,A34,A49,1935,lt_100,ge_7y,4,A101,4,real_estate,31,A143,own,2,A173,1,A192,A201,1,male
lt_0,15,A30,A40,950,lt_100,ge_7y,4,A101,3,car_other,33,A143,rent,2,A173,2,A191,A201,1,male
none,12,A32,A42,763,lt_100,1_4y,4,A101,1,real_estate,26,A143,own,1,A173,1,A192,A201,0,female
0_to_200,24,A33,A42,2064,lt_100,unemployed,3,A101,2,life_insurance,34,A143,own,1,A174,1,A192,A201,1,female
0_to_200,8,A32,A43,1414,lt_100,1_4y,4,A103,2,real_estate,33,A143,own,1,A173,1,A191,A202,0,male
lt_0,21,A33,A46,3414,lt_100,lt_1y,2,A101,1,life_insurance,26,A143,own,2,A173,1,A191,A201,1,male
none,30,A31,A41,7485,unknown_none,unemployed,4,A101,1,real_estate,53,A141,own,1,A174,1,A192,A201,1,female
lt_0,12,A32,A42,2577,lt_100,1_4y,2,A101,1,car_other,42,A143,own,1,A173,1,A191,A201,0,male
lt_0,6,A34,A43,338,500_1000,ge_7y,4,A101,4,car_other,52,A143,own,2,A173,1,A191,A201,0,male
none,12,A32,A43,1963,lt_100,4_7y,4,A101,2,car_other,31,A143,rent,2,A174,2,A192,A201,0,male
lt_0,21,A34,A40,571,lt_100,ge_7y,4,A101,4,real_estate,65,A143,own,2,A173,1,A191,A201,0,male
none,36,A33,A49,9572,lt_100,lt_1y,1,A101,1,car_other,28,A143,own,2,A173,1,A191,A201,1,male
0_to_200,36,A33,A49,4455,lt_100,1_4y,2,A101,2,real_estate,30,A142,own,2,A174,1,A192,A201,1,male
lt_0,21,A31,A40,1647,unknown_none,1_4y,4,A101,2,life_insurance,40,A143,own,2,A172,2,A191,A201,1,male
none,24,A34,A42,3777,ge_1000,1_4y,4,A101,4,real_estate,50,A143,own,1,A173,1,A192,A201,0,male
0_to_200,18,A34,A40,884,lt_100,ge_7y,4,A101,4,car_other,36,A141,own,1,A173,2,A192,A201,1,male
none,15,A34,A43,1360,lt_100,1_4y,4,A101,2,life_insurance,31,A143,own,2,A173,1,A191,A201,0,male
0_to_200,9,A31,A41,5129,lt_100,ge_7y,2,A101,4,none,74,A141,free,1,A174,2,A192,A201,1,female
0_to_200,16,A34,A40,1175,lt_100,unemployed,2,A101,3,car_other,68,A143,free,3,A171,1,A192,A201,0,male
lt_0,12,A32,A43,674,100_500,4_7y,4,A101,1,life_insurance,20,A143,own,1,A173,1,A191,A201,1,male
0_to_200,18,A30,A42,3244,lt_100,1_4y,1,A101,4,car_other,33,A141,own,2,A173,1,A192,A201,0,female
none,24,A32,A49,4591,ge_1000,1_4y,2,A101,3,life_insurance,54,A143,own,3,A174,1,A192,A201,1,male
0_to_200,48,A30,A49,3844,100_500,4_7y,4,A101,4,none,34,A143,free,1,A172,2,A191,A201,1,male
0_to_200,27,A32,A49,3915,lt_100,1_4y,4,A101,2,car_other,36,A143,own,1,A173,2,A192,A201,1,male
none,6,A32,A43,2108,lt_100,4_7y,2,A101,2,real_estate,29,A143,rent,1,A173,1,A191,A201,0,male
0_to_200,45,A32,A43,3031,100_500,1_4y,4,A103,4,life_insurance,21,A143,rent,1,A173,1,A191,A201,1,male
0_to_200,9,A34,A46,1501,lt_100,ge_7y,2,A101,3,car_other,34,A143,own,2,A174,1,A192,A201,1,female
none,6,A34,A43,1382,lt_100,1_4y,1,A101,1,car_other,28,A143,own,2,A173,1,A192,A201,0,female
0_to_200,12,A32,A42,951,100_500,lt_1y,4,A101,4,car_other,27,A141,rent,4,A173,1,A191,A201,1,female
0_to_200,24,A32,A41,2760,unknown_none,ge_7y,4,A101,4,none,36,A141,free,1,A173,1,A192,A201,0,male
0_to_200,18,A33,A42,4297,lt_100,ge_7y,4,A101,3,none,40,A143,own,1,A174,1,A192,A201,1,male
none,9,A34,A46,936,500_1000,ge_7y,4,A101,2,car_other,52,A143,own,2,A173,1,A192,A201,0,male
lt_0,12,A32,A40,1168,lt_100,1_4y,4,A101,3,real_estate,27,A143,own,1,A172,1,A191,A201,0,male
none,27,A33,A49,5117,lt_100,4_7y,3,A101,4,car_other,26,A143,own,2,A173,1,A191,A201,0,male
lt_0,12,A32,A48,902,lt_100,4_7y,4,A101,4,life_insurance,21,A143,rent,1,A173,1,A191,A201,1,male
none,12,A34,A40,1495,lt_100,ge_7y,4,A101,1,real_estate,38,A143,own,2,A172,2,A191,A201,0,male
lt_0,30,A34,A41,10623,lt_100,ge_7y,3,A101,4,none,38,A143,free,3,A174,2,A192,A201,0,male
none,12,A34,A42,1935,lt_100,ge_7y,4,A101,4,real_estate,43,A143,own,3,A173,1,A192,A201,0,male
0_to_200,12,A34,A44,1424,lt_100,4_7y,4,A101,3,life_insurance,26,A143,own,1,A173,1,A191,A201,0,male
lt_0,24,A32,A49,6568,lt_100,1_4y,2,A101,2,car_other,21,A142,own,1,A172,1,A191,A201,0,male
none,12,A32,A41,1413,ge_1000,4_7y,3,A101,2,life_insurance,55,A143,own,1,A173,1,A191,A202,0,male
none,9,A34,A43,3074,unknown_none,1_4y,1,A101,2,real_estate,33,A143,own,2,A173,2,A191,A201,0,male
none,36,A32,A43,3835,unknown_none,ge_7y,2,A101,4,real_estate,45,A143,own,1,A172,1,A192,A201,0,female
lt_0,27,A30,A49,5293,lt_100,unemployed,2,A101,4,life_insurance,50,A142,own,2,A173,1,A192,A201,1,male
ge_200,30,A33,A49,1908,lt_100,ge_7y,4,A101,4,real_estate,66,A143,own,1,A174,1,A192,A201,1,male
none,36,A34,A43,3342,unknown_none,ge_7y,4,A101,2,car_other,51,A143,own,1,A173,1,A192,A201,0,male
0_to_200,6,A34,A48,932,unknown_none,4_7y,1,A101,3,life_insurance,39,A143,own,2,A172,1,A191,A201,0,female
lt_0,18,A30,A49,3104,lt_100,4_7y,3,A101,1,life_insurance,31,A141,own,1,A173,1,A192,A201,0,male
ge_200,36,A32,A43,3913,lt_100,1_4y,2,A101,2,real_estate,23,A143,own,1,A173,1,A192,A201,0,male
lt_0,24,A32,A42,3021,lt_100,1_4y,2,A101,2,real_estate,24,A143,rent,1,A172,1,A191,A201,0,male
none,10,A32,A40,1364,lt_100,1_4y,2,A101,4,car_other,64,A143,own,1,A173,1,A192,A201,0,female
0_to_200,12,A32,A43,625,lt_100,lt_1y,4,A103,1,real_estate,26,A141,own,1,A172,1,A191,A201,0,male
lt_0,12,A32,A46,1200,unknown_none,1_4y,4,A101,4,life_insurance,23,A141,rent,1,A173,1,A192,A201,0,female
none,12,A32,A43,707,lt_100,1_4y,4,A101,2,real_estate,30,A141,own,2,A173,1,A191,A201,0,male
none,24,A33,A49,2978,unknown_none,1_4y,4,A101,4,real_estate,32,A143,own,2,A173,2,A192,A201,0,male
none,15,A32,A41,4657,lt_100,1_4y,3,A101,2,car_other,30,A143,own,1,A173,1,A192,A201,0,male
none,36,A30,A45,2613,lt_100,1_4y,4,A101,2,car_other,27,A143,own,2,A173,1,A191,A201,0,male
0_to_200,48,A32,A43,10961,ge_1000,4_7y,1,A102,2,none,27,A141,own,2,A173,1,A192,A201,1,male
lt_0,12,A32,A42,7865,lt_100,ge_7y,4,A101,4,none,53,A143,free,1,A174,1,A192,A201,1,male
none,9,A32,A43,1478,lt_100,4_7y,4,A101,2,car_other,22,A143,own,1,A173,1,A191,A201,1,male
lt_0,24,A32,A42,3149,lt_100,lt_1y,4,A101,1,none,22,A141,free,1,A173,1,A191,A201,0,male
ge_200,36,A32,A43,4210,lt_100,1_4y,4,A101,2,car_other,26,A143,own,1,A173,1,A191,A201,1,male
none,9,A32,A40,2507,500_1000,ge_7y,2,A101,4,none,51,A143,free,1,A172,1,A191,A201,0,male
none,12,A32,A43,2141,100_500,4_7y,3,A101,1,none,35,A143,own,1,A173,1,A191,A201,0,male
0_to_200,18,A32,A43,866,lt_100,1_4y,4,A103,2,real_estate,25,A143,own,1,A172,1,A191,A201,0,male
none,4,A34,A43,1544,lt_100,4_7y,2,A101,1,real_estate,42,A143,own,3,A172,2,A191,A201,0,male
lt_0,24,A32,A43,1823,lt_100,unemployed,4,A101,2,car_other,30,A142,own,1,A174,2,A191,A201,1,male
0_to_200,6,A32,A40,14555,unknown_none,unemployed,1,A101,2,life_insurance,23,A143,own,1,A171,1,A192,A201,1,male
0_to_200,21,A32,A49,2767,100_500,ge_7y,4,A101,2,car_other,61,A141,rent,2,A172,1,A191,A201,1,male
none,12,A34,A43,1291,lt_100,1_4y,4,A101,2,life_insurance,35,A143,own,2,A173,1,A191,A201,0,female
lt_0,30,A32,A43,2522,lt_100,ge_7y,1,A103,3,life_insurance,39,A143,own,1,A173,2,A191,A201,0,male
lt_0,24,A32,A40,915,unknown_none,ge_7y,4,A101,2,car_other,29,A141,own,1,A173,1,A191,A201,1,female
none,6,A32,A43,1595,lt_100,4_7y,3,A101,2,life_insurance,51,A143,own,1,A173,2,A191,A201,0,male
lt_0,48,A30,A41,4605,lt_100,ge_7y,3,A101,4,none,24,A143,free,2,A173,2,A191,A201,1,male
none,12,A34,A49,1185,lt_100,1_4y,3,A101,2,real_estate,27,A143,own,2,A173,1,A191,A201,0,female
none,12,A31,A48,3447,500_1000,1_4y,4,A101,3,real_estate,35,A143,own,1,A172,2,A191,A201,0,female
none,24,A32,A49,1258,lt_100,4_7y,4,A101,1,real_estate,25,A143,own,1,A173,1,A192,A201,0,male
none,12,A34,A43,717,lt_100,ge_7y,4,A101,4,real_estate,52,A143,own,3,A173,1,A191,A201,0,male
none,6,A30,A40,1204,100_500,1_4y,4,A101,1,none,35,A141,rent,1,A173,1,A191,A202,0,male
ge_200,24,A32,A42,1925,lt_100,1_4y,2,A101,2,real_estate,26,A143,own,1,A173,1,A191,A201,0,male
none,18,A32,A43,433,lt_100,unemployed,3,A102,4,real_estate,22,A143,rent,1,A173,1,A191,A201,1,female
lt_0,6,A34,A40,666,ge_1000,4_7y,3,A101,4,real_estate,39,A143,own,2,A172,1,A192,A201,0,female
ge_200,12,A32,A42,2251,lt_100,1_4y,1,A101,2,car_other,46,A143,own,1,A172,1,A191,A201,0,female
0_to_200,30,A32,A40,2150,lt_100,1_4y,4,A103,2,none,24,A141,own,1,A173,1,A191,A201,1,female
none,24,A33,A42,4151,100_500,1_4y,2,A101,3,life_insurance,35,A143,own,2,A173,1,A191,A201,0,male
0_to_200,9,A32,A42,2030,unknown_none,4_7y,2,A101,1,car_other,24,A143,own,1,A173,1,A192,A201,0,male
0_to_200,60,A33,A43,7418,unknown_none,1_4y,1,A101,1,real_estate,27,A143,own,1,A172,1,A191,A201,0,male
none,24,A34,A43,2684,lt_100,1_4y,4,A101,2,real_estate,35,A143,own,2,A172,1,A191,A201,0,male
lt_0,12,A31,A43,2149,lt_100,1_4y,4,A101,1,none,29,A143,free,1,A173,1,A191,A201,1,male
none,15,A32,A41,3812,100_500,lt_1y,1,A101,4,car_other,23,A143,own,1,A173,1,A192,A201,0,female
none,11,A34,A43,1154,100_500,unemployed,4,A101,4,real_estate,57,A143,own,3,A172,1,A191,A201,0,female
lt_0,12,A32,A42,1657,lt_100,1_4y,2,A101,2,real_estate,27,A143,own,1,A173,1,A191,A201,0,male
lt_0,24,A32,A43,1603,lt_100,ge_7y,4,A101,4,car_other,55,A143,own,1,A173,1,A191,A201,0,female
lt_0,18,A34,A40,5302,lt_100,ge_7y,2,A101,4,none,36,A143,free,3,A174,1,A192,A201,0,male
none,12,A34,A46,2748,lt_100,ge_7y,2,A101,4,none,57,A141,free,3,A172,1,A191,A201,0,female
none,10,A34,A40,1231,lt_100,ge_7y,3,A101,4,real_estate,32,A143,own,2,A172,2,A191,A202,0,male
0_to_200,15,A32,A43,802,lt_100,ge_7y,4,A101,3,car_other,37,A143,own,1,A173,2,A191,A201,1,male
none,36,A34,A49,6304,unknown_none,ge_7y,4,A101,4,real_estate,36,A143,own,2,A173,1,A191,A201,0,male
none,24,A32,A43,1533,lt_100,lt_1y,4,A101,3,car_other,38,A142,own,1,A173,1,A192,A201,0,female
lt_0,14,A32,A40,8978,lt_100,ge_7y,1,A101,4,life_insurance,45,A143,own,1,A174,1,A192,A202,1,male
none,24,A32,A43,999,unknown_none,ge_7y,4,A101,2,car_other,25,A143,own,2,A173,1,A191,A201,0,male
none,18,A32,A40,2662,unknown_none,4_7y,4,A101,3,life_insurance,32,A143,own,1,A173,1,A191,A202,0,male
none,12,A34,A42,1402,500_1000,4_7y,3,A101,4,car_other,37,A143,rent,1,A173,1,A192,A201,0,female
0_to_200,48,A31,A40,12169,unknown_none,unemployed,4,A102,4,none,36,A143,free,1,A174,1,A192,A201,0,male
0_to_200,48,A32,A43,3060,lt_100,4_7y,4,A101,4,real_estate,28,A143,own,2,A173,1,A191,A201,1,male
lt_0,30,A32,A45,11998,lt_100,lt_1y,1,A101,1,none,34,A143,own,1,A172,1,A192,A201,1,male
none,9,A32,A43,2697,lt_100,1_4y,1,A101,2,real_estate,32,A143,own,1,A173,2,A191,A201,0,male
none,18,A34,A43,2404,lt_100,1_4y,2,A101,2,car_other,26,A143,own,2,A173,1,A191,A201,0,female
lt_0,12,A32,A42,1262,unknown_none,ge_7y,2,A101,4,life_insurance,49,A143,own,1,A172,1,A192,A201,0,male
none,6,A32,A42,4611,lt_100,lt_1y,1,A101,4,life_insurance,32,A143,own,1,A173,1,A191,A201,1,female
none,24,A32,A43,1901,100_500,1_4y,4,A101,4,car_other,29,A143,rent,1,A174,1,A192,A201,0,male
none,15,A34,A41,3368,ge_1000,ge_7y,3,A101,4,none,23,A143,rent,2,A173,1,A192,A201,0,male
none,12,A32,A42,1574,lt_100,1_4y,4,A101,2,real_estate,50,A143,own,1,A173,1,A191,A201,0,male
ge_200,18,A31,A43,1445,unknown_none,4_7y,4,A101,4,car_other,49,A141,own,1,A172,1,A191,A201,0,male
none,15,A34,A42,1520,unknown_none,ge_7y,4,A101,4,life_insurance,63,A143,own,1,A173,1,A191,A201,0,male
0_to_200,24,A34,A40,3878,100_500,lt_1y,4,A101,2,car_other,37,A143,own,1,A173,1,A192,A201,0,male
lt_0,47,A32,A40,10722,lt_100,lt_1y,1,A101,1,real_estate,35,A143,own,1,A172,1,A192,A201,0,female
lt_0,48,A32,A41,4788,lt_100,4_7y,4,A101,3,life_insurance,26,A143,own,1,A173,2,A191,A201,0,male
0_to_200,48,A33,A410,7582,100_500,unemployed,2,A101,4,none,31,A143,free,1,A174,1,A192,A201,0,male
0_to_200,12,A32,A43,1092,lt_100,1_4y,4,A103,4,real_estate,49,A143,own,2,A173,1,A192,A201,0,female
lt_0,24,A33,A43,1024,lt_100,lt_1y,4,A101,4,real_estate,48,A142,own,1,A173,1,A191,A201,1,male
none,12,A32,A49,1076,lt_100,1_4y,2,A101,2,real_estate,26,A143,own,1,A173,1,A192,A202,0,male
0_to_200,36,A32,A41,9398,lt_100,lt_1y,1,A101,4,car_other,28,A143,rent,1,A174,1,A192,A201,1,male
lt_0,24,A34,A41,6419,lt_100,ge_7y,2,A101,4,none,44,A143,free,2,A174,2,A192,A201,0,female
ge_200,42,A34,A41,4796,lt_100,ge_7y,4,A101,4,none,56,A143,free,1,A173,1,A191,A201,0,male
none,48,A34,A49,7629,unknown_none,ge_7y,4,A101,2,car_other,46,A141,own,2,A174,2,A191,A201,0,male
0_to_200,48,A32,A42,9960,lt_100,lt_1y,1,A101,2,car_other,26,A143,own,1,A173,1,A192,A201,1,female
none,12,A32,A41,4675,unknown_none,lt_1y,1,A101,4,car_other,20,A143,rent,1,A173,1,A191,A201,0,female
none,10,A32,A40,1287,unknown_none,ge_7y,4,A102,2,life_insurance,45,A143,own,1,A172,1,A191,A202,0,male
none,18,A32,A42,2515,lt_100,1_4y,3,A101,4,real_estate,43,A143,own,1,A173,1,A192,A201,0,male
0_to_200,21,A34,A42,2745,ge_1000,4_7y,3,A101,2,car_other,32,A143,own,2,A173,1,A192,A201,0,male
none,6,A32,A40,672,lt_100,unemployed,1,A101,4,real_estate,54,A143,own,1,A171,1,A192,A201,0,female
0_to_200,36,A30,A43,3804,lt_100,1_4y,4,A101,1,car_other,42,A143,own,1,A173,1,A192,A201,1,female
ge_200,24,A34,A40,1344,unknown_none,4_7y,4,A101,2,real_estate,37,A141,own,2,A172,2,A191,A201,1,male
lt_0,10,A34,A40,1038,lt_100,4_7y,4,A102,3,life_insurance,49,A143,own,2,A173,1,A192,A201,0,male
none,48,A34,A40,10127,500_1000,1_4y,2,A101,2,none,44,A141,free,1,A173,1,A191,A201,1,male
none,6,A32,A42,1543,ge_1000,1_4y,4,A101,2,real_estate,33,A143,own,1,A173,1,A191,A201,0,male
none,30,A32,A41,4811,unknown_none,4_7y,2,A101,4,life_insurance,24,A142,rent,1,A172,1,A191,A201,0,female
lt_0,12,A32,A43,727,100_500,lt_1y,4,A101,3,none,33,A143,own,1,A172,1,A192,A201,1,male
0_to_200,8,A32,A42,1237,lt_100,1_4y,3,A101,4,real_estate,24,A143,own,1,A173,1,A191,A201,1,female
0_to_200,9,A32,A40,276,lt_100,1_4y,4,A101,4,real_estate,22,A143,rent,1,A172,1,A191,A201,0,male
0_to_200,48,A32,A410,5381,unknown_none,unemployed,3,A101,4,none,40,A141,free,1,A171,1,A192,A201,0,male
none,24,A32,A42,5511,100_500,1_4y,4,A101,1,car_other,25,A142,own,1,A173,1,A191,A201,0,male
ge_200,24,A32,A42,3749,lt_100,lt_1y,2,A101,4,car_other,26,A143,own,1,A173,1,A191,A201,0,female
0_to_200,12,A32,A40,685,lt_100,4_7y,2,A101,3,car_other,25,A141,own,1,A172,1,A191,A201,1,male
ge_200,4,A32,A40,1494,unknown_none,lt_1y,1,A101,2,real_estate,29,A143,own,1,A172,2,A191,A202,0,male
lt_0,36,A31,A42,2746,lt_100,ge_7y,4,A101,4,car_other,31,A141,own,1,A173,1,A191,A201,1,male
lt_0,12,A32,A42,708,lt_100,1_4y,2,A103,3,life_insurance,38,A143,own,1,A172,2,A191,A201,0,male
0_to_200,24,A32,A42,4351,unknown_none,1_4y,1,A101,4,life_insurance,48,A143,own,1,A172,1,A192,A201,0,female
none,12,A34,A46,701,lt_100,1_4y,4,A101,2,car_other,32,A143,own,2,A173,1,A191,A201,0,male
lt_0,15,A33,A42,3643,lt_100,ge_7y,1,A101,4,life_insurance,27,A143,own,2,A172,1,A191,A201,0,female
0_to_200,30,A34,A40,4249,lt_100,unemployed,4,A101,2,car_other,28,A143,own,2,A174,1,A191,A201,1,male
lt_0,24,A32,A43,1938,lt_100,lt_1y,4,A101,3,life_insurance,32,A143,own,1,A173,1,A191,A201,1,male
lt_0,24,A32,A41,2910,lt_100,4_7y,2,A101,1,none,34,A143,free,1,A174,1,A192,A201,0,male
lt_0,18,A32,A42,2659,ge_1000,1_4y,4,A101,2,car_other,28,A143,own,1,A173,1,A191,A201,0,male
none,18,A34,A40,1028,lt_100,1_4y,4,A101,3,real_estate,36,A143,own,2,A173,1,A191,A201,0,female
lt_0,8,A34,A40,3398,lt_100,4_7y,1,A101,4,real_estate,39,A143,own,2,A172,1,A191,A202,0,male
none,12,A34,A42,5801,unknown_none,ge_7y,2,A101,4,life_insurance,49,A143,rent,1,A173,1,A192,A201,0,male
none,24,A32,A40,1525,ge_1000,4_7y,4,A101,3,car_other,34,A143,own,1,A173,2,A192,A201,0,female
ge_200,36,A32,A43,4473,lt_100,ge_7y,4,A101,2,car_other,31,A143,own,1,A173,1,A191,A201,0,male
0_to_200,6,A32,A43,1068,lt_100,ge_7y,4,A101,4,car_other,28,A143,own,1,A173,2,A191,A201,0,male
lt_0,24,A34,A41,6615,lt_100,unemployed,2,A101,4,none,75,A143,free,2,A174,1,A192,A201,0,male
none,18,A34,A46,1864,100_500,1_4y,4,A101,2,real_estate,30,A143,own,2,A173,1,A191,A201,1,female
0_to_200,60,A32,A40,7408,100_500,lt_1y,4,A101,2,life_insurance,24,A143,own,1,A174,1,A191,A201,1,female
none,48,A34,A41,11590,100_500,1_4y,2,A101,4,car_other,24,A141,rent,2,A172,1,A191,A201,1,female
lt_0,24,A30,A42,4110,lt_100,ge_7y,3,A101,4,none,23,A141,rent,2,A173,2,A191,A201,1,male
lt_0,6,A34,A42,3384,lt_100,1_4y,1,A101,4,real_estate,44,A143,rent,1,A174,1,A192,A201,1,male
0_to_200,13,A32,A43,2101,lt_100,lt_1y,2,A103,4,life_insurance,23,A143,own,1,A172,1,A191,A201,0,female
lt_0,15,A32,A44,1275,unknown_none,1_4y,4,A101,2,car_other,24,A143,rent,1,A173,1,A191,A201,1,female
lt_0,24,A32,A42,4169,lt_100,1_4y,4,A101,4,life_insurance,28,A143,own,1,A173,1,A191,A201,0,male
0_to_200,10,A32,A42,1521,lt_100,1_4y,4,A101,2,car_other,31,A143,own,1,A172,1,A191,A201,0,male
0_to_200,24,A34,A46,5743,lt_100,lt_1y,2,A101,4,none,24,A143,free,2,A173,1,A192,A201,0,female
lt_0,21,A32,A42,3599,lt_100,4_7y,1,A101,4,car_other,26,A143,rent,1,A172,1,A191,A201,0,female
0_to_200,18,A32,A43,3213,500_1000,lt_1y,1,A101,3,real_estate,25,A143,rent,1,A173,1,A191,A201,0,male
0_to_200,18,A32,A49,4439,lt_100,ge_7y,1,A102,1,real_estate,33,A141,own,1,A174,1,A192,A201,0,male
ge_200,10,A32,A40,3949,lt_100,lt_1y,1,A103,1,life_insurance,37,A143,own,1,A172,2,A191,A201,0,male
none,15,A34,A43,1459,lt_100,1_4y,4,A101,2,car_other,43,A143,own,1,A172,1,A191,A201,0,female
0_to_200,13,A34,A43,882,lt_100,lt_1y,4,A103,4,real_estate,23,A143,own,2,A173,1,A191,A201,0,male
0_to_200,24,A32,A43,3758,500_1000,unemployed,1,A101,4,none,23,A143,rent,1,A171,1,A191,A201,0,female
none,6,A33,A49,1743,100_500,1_4y,1,A101,2,real_estate,34,A143,own,2,A172,1,A191,A201,0,male
0_to_200,9,A34,A46,1136,ge_1000,ge_7y,4,A101,3,none,32,A143,free,2,A173,2,A191,A201,1,male
none,9,A32,A44,1236,lt_100,lt_1y,1,A101,4,real_estate,23,A143,rent,1,A173,1,A192,A201,0,female
0_to_200,9,A32,A42,959,lt_100,1_4y,1,A101,2,car_other,29,A143,own,1,A173,1,A191,A202,1,female
none,18,A34,A41,3229,unknown_none,unemployed,2,A101,4,none,38,A143,own,1,A174,1,A192,A201,0,male
lt_0,12,A30,A43,6199,lt_100,1_4y,4,A101,2,life_insurance,28,A143,rent,2,A173,1,A192,A201,1,male
none,10,A32,A46,727,500_1000,ge_7y,4,A101,4,none,46,A143,free,1,A173,1,A192,A201,0,male
0_to_200,24,A32,A40,1246,lt_100,lt_1y,4,A101,2,real_estate,23,A142,own,1,A172,1,A191,A201,1,male
none,12,A34,A43,2331,unknown_none,ge_7y,1,A102,4,real_estate,49,A143,own,1,A173,1,A192,A201,0,male
none,36,A33,A43,4463,lt_100,1_4y,4,A101,2,car_other,26,A143,own,2,A174,1,A192,A201,1,male
none,12,A32,A43,776,lt_100,1_4y,4,A101,2,real_estate,28,A143,own,1,A173,1,A191,A201,0,male
lt_0,30,A32,A42,2406,lt_100,4_7y,4,A101,4,real_estate,23,A143,rent,1,A173,1,A191,A201,1,female
0_to_200,18,A32,A46,1239,unknown_none,1_4y,4,A101,4,none,61,A143,free,1,A173,1,A191,A201,0,male
ge_200,12,A32,A43,3399,unknown_none,ge_7y,2,A101,3,car_other,37,A143,own,1,A174,1,A191,A201,0,male
ge_200,12,A33,A40,2247,lt_100,1_4y,2,A101,2,car_other,36,A142,own,2,A173,1,A192,A201,0,female
none,6,A32,A42,1766,lt_100,1_4y,1,A101,2,life_insurance,21,A143,rent,1,A173,1,A191,A201,0,male
lt_0,18,A32,A42,2473,lt_100,unemployed,4,A101,1,car_other,25,A143,own,1,A171,1,A191,A201,1,male
none,12,A32,A49,1542,lt_100,4_7y,2,A101,4,car_other,36,A143,own,1,A173,1,A192,A201,0,male
none,18,A34,A41,3850,lt_100,4_7y,3,A101,1,car_other,27,A143,own,2,A173,1,A191,A201,0,male
lt_0,18,A32,A42,3650,lt_100,lt_1y,1,A101,4,car_other,22,A143,rent,1,A173,1,A191,A201,0,female
lt_0,36,A32,A42,3446,lt_100,ge_7y,4,A101,2,car_other,42,A143,own,1,A173,2,A191,A201,1,male
0_to_200,18,A32,A42,3001,lt_100,4_7y,2,A101,4,real_estate,40,A143,rent,1,A173,1,A191,A201,0,female
none,36,A32,A40,3079,unknown_none,1_4y,4,A101,4,real_estate,36,A143,own,1,A173,1,A191,A201,0,male
none,18,A34,A43,6070,lt_100,ge_7y,3,A101,4,car_other,33,A143,own,2,A173,1,A192,A201,0,male
none,10,A34,A42,2146,lt_100,lt_1y,1,A101,3,real_estate,23,A143,rent,2,A173,1,A191,A201,0,female
none,60,A34,A40,13756,unknown_none,ge_7y,2,A101,4,none,63,A141,free,1,A174,1,A192,A201,0,male
0_to_200,60,A31,A410,14782,100_500,ge_7y,3,A101,4,none,60,A141,free,2,A174,1,A192,A201,1,female
lt_0,48,A31,A49,7685,lt_100,4_7y,2,A103,4,car_other,37,A143,rent,1,A173,1,A191,A201,1,female
none,18,A33,A43,2320,lt_100,unemployed,2,A101,3,real_estate,34,A143,own,2,A173,1,A191,A201,0,male
none,7,A33,A43,846,unknown_none,ge_7y,3,A101,4,none,36,A143,free,1,A173,1,A191,A201,0,male
0_to_200,36,A32,A40,14318,lt_100,ge_7y,4,A101,2,none,57,A143,free,1,A174,1,A192,A201,1,male
none,6,A34,A40,362,100_500,1_4y,4,A101,4,car_other,52,A143,own,2,A172,1,A191,A201,0,female
lt_0,20,A32,A42,2212,unknown_none,4_7y,4,A101,4,car_other,39,A143,own,1,A173,1,A192,A201,0,male
0_to_200,18,A32,A41,12976,lt_100,unemployed,3,A101,4,none,38,A143,free,1,A174,1,A192,A201,1,female
none,22,A32,A40,1283,unknown_none,4_7y,4,A101,4,life_insurance,25,A143,rent,1,A173,1,A191,A201,0,female
ge_200,12,A32,A40,1330,lt_100,lt_1y,4,A101,1,real_estate,26,A143,own,1,A173,1,A191,A201,0,male
none,30,A33,A49,4272,100_500,1_4y,2,A101,2,life_insurance,26,A143,own,2,A172,1,A191,A201,0,male
none,18,A34,A43,2238,lt_100,1_4y,2,A101,1,car_other,25,A143,own,2,A173,1,A191,A201,0,female
none,18,A32,A43,1126,unknown_none,lt_1y,4,A101,2,real_estate,21,A143,rent,1,A173,1,A192,A201,0,female
0_to_200,18,A34,A42,7374,lt_100,unemployed,4,A101,4,life_insurance,40,A142,own,2,A174,1,A192,A201,0,male
0_to_200,15,A34,A49,2326,500_1000,1_4y,2,A101,4,car_other,27,A141,own,1,A173,1,A191,A201,0,male
none,9,A32,A49,1449,lt_100,4_7y,3,A101,2,car_other,27,A143,own,2,A173,1,A191,A201,0,female
none,18,A32,A40,1820,lt_100,1_4y,2,A101,2,life_insurance,30,A143,own,1,A174,1,A192,A201,0,male
0_to_200,12,A32,A42,983,ge_1000,lt_1y,1,A101,4,real_estate,19,A143,rent,1,A172,1,A191,A201,0,female
lt_0,36,A32,A40,3249,lt_100,4_7y,2,A101,4,none,39,A141,free,1,A174,2,A192,A201,0,male
lt_0,6,A34,A43,1957,lt_100,4_7y,1,A101,4,car_other,31,A143,own,1,A173,1,A191,A201,0,female
none,9,A34,A42,2406,lt_100,unemployed,2,A101,3,car_other,31,A143,own,1,A174,1,A191,A201,0,male
0_to_200,39,A33,A46,11760,100_500,4_7y,2,A101,3,none,32,A143,rent,1,A173,1,A192,A201,0,male
lt_0,12,A32,A42,2578,lt_100,unemployed,3,A101,4,none,55,A143,free,1,A174,1,A191,A201,0,female
lt_0,36,A34,A42,2348,lt_100,1_4y,3,A101,2,life_insurance,46,A143,own,2,A173,1,A192,A201,0,male
0_to_200,12,A32,A40,1223,lt_100,ge_7y,1,A101,1,real_estate,46,A143,rent,2,A173,1,A191,A201,1,male
none,24,A34,A43,1516,ge_1000,1_4y,4,A101,1,real_estate,43,A143,own,2,A172,1,A191,A201,0,female
none,18,A32,A43,1473,lt_100,lt_1y,3,A101,4,real_estate,39,A143,own,1,A173,1,A192,A201,0,male
0_to_200,18,A34,A49,1887,unknown_none,1_4y,4,A101,4,real_estate,28,A141,own,2,A173,1,A191,A201,0,male
none,24,A33,A49,8648,lt_100,lt_1y,2,A101,2,car_other,27,A141,own,2,A173,1,A192,A201,1,male
none,14,A33,A40,802,lt_100,1_4y,4,A101,2,car_other,27,A143,own,2,A172,1,A191,A201,0,male
0_to_200,18,A33,A40,2899,unknown_none,ge_7y,4,A101,4,car_other,43,A143,own,1,A173,2,A191,A201,0,male
0_to_200,24,A32,A43,2039,lt_100,lt_1y,1,A101,1,life_insurance,22,A143,own,1,A173,1,A192,A201,1,male
none,24,A34,A41,2197,unknown_none,4_7y,4,A101,4,car_other,43,A143,own,2,A173,2,A192,A201,0,male
lt_0,15,A32,A43,1053,lt_100,lt_1y,4,A101,2,real_estate,27,A143,own,1,A173,1,A191,A202,0,male
none,24,A32,A43,3235,500_1000,ge_7y,3,A101,2,car_other,26,A143,own,1,A174,1,A192,A201,0,male
ge_200,12,A34,A40,939,500_1000,4_7y,4,A101,2,real_estate,28,A143,own,3,A173,1,A192,A201,1,male
0_to_200,24,A32,A43,1967,lt_100,ge_7y,4,A101,4,car_other,20,A143,own,1,A173,1,A192,A201,0,female
none,33,A34,A41,7253,lt_100,4_7y,3,A101,2,car_other,35,A143,own,2,A174,1,A192,A201,0,male
none,12,A34,A49,2292,lt_100,unemployed,4,A101,2,car_other,42,A142,own,2,A174,1,A192,A201,1,male
none,10,A32,A40,1597,500_1000,1_4y,3,A101,2,none,40,A143,rent,1,A172,2,A191,A202,0,male
lt_0,24,A32,A40,1381,unknown_none,1_4y,4,A101,2,life_insurance,35,A143,own,1,A173,1,A191,A201,1,female
none,36,A34,A41,5842,lt_100,ge_7y,2,A101,2,life_insurance,35,A143,own,2,A173,2,A192,A201,0,male
lt_0,12,A32,A40,2579,lt_100,lt_1y,4,A101,1,real_estate,33,A143,own,1,A172,2,A191,A201,1,male
lt_0,18,A33,A46,8471,unknown_none,1_4y,1,A101,2,car_other,23,A143,rent,2,A173,1,A192,A201,0,female
none,21,A32,A40,2782,500_1000,4_7y,1,A101,2,car_other,31,A141,own,1,A174,1,A191,A201,0,female
0_to_200,18,A32,A40,1042,unknown_none,1_4y,4,A101,2,life_insurance,33,A143,own,1,A173,1,A191,A201,1,female
none,15,A32,A40,3186,ge_1000,4_7y,2,A101,3,car_other,20,A143,rent,1,A173,1,A191,A201,0,female
0_to_200,12,A32,A41,2028,unknown_none,1_4y,4,A101,2,car_other,30,A143,own,1,A173,1,A191,A201,0,male
0_to_200,12,A34,A40,958,lt_100,4_7y,2,A101,3,real_estate,47,A143,own,2,A172,2,A191,A201,0,male
none,21,A33,A42,1591,100_500,4_7y,4,A101,3,real_estate,34,A143,own,2,A174,1,A191,A201,0,male
0_to_200,12,A32,A42,2762,unknown_none,ge_7y,1,A101,2,life_insurance,25,A141,own,1,A173,1,A192,A201,1,female
0_to_200,18,A32,A41,2779,lt_100,1_4y,1,A101,3,car_other,21,A143,rent,1,A173,1,A192,A201,0,male
none,28,A34,A43,2743,lt_100,ge_7y,4,A101,2,car_other,29,A143,own,2,A173,1,A191,A201,0,male
none,18,A34,A43,1149,ge_1000,1_4y,4,A101,3,real_estate,46,A143,own,2,A173,1,A191,A201,0,male
none,9,A32,A42,1313,lt_100,ge_7y,1,A101,4,car_other,20,A143,own,1,A173,1,A191,A201,0,male
lt_0,18,A34,A45,1190,lt_100,unemployed,2,A101,4,none,55,A143,free,3,A171,2,A191,A201,1,female
none,5,A32,A49,3448,lt_100,4_7y,1,A101,4,real_estate,74,A143,own,1,A172,1,A191,A201,0,male
0_to_200,24,A32,A410,11328,lt_100,1_4y,2,A102,3,car_other,29,A141,own,2,A174,1,A192,A201,1,male
lt_0,6,A34,A42,1872,lt_100,unemployed,4,A101,4,none,36,A143,free,3,A174,1,A192,A201,0,male
none,24,A34,A45,2058,lt_100,1_4y,4,A101,2,real_estate,33,A143,own,2,A173,1,A192,A201,0,male
lt_0,9,A32,A42,2136,lt_100,1_4y,3,A101,2,real_estate,25,A143,own,1,A173,1,A191,A201,0,male
0_to_200,12,A32,A43,1484,unknown_none,1_4y,2,A101,1,real_estate,25,A143,own,1,A173,1,A192,A201,1,male
none,6,A32,A45,660,500_1000,4_7y,2,A101,4,real_estate,23,A143,rent,1,A172,1,A191,A201,0,male
none,24,A34,A40,1287,ge_1000,ge_7y,4,A101,4,real_estate,37,A143,own,2,A173,1,A192,A201,0,female
lt_0,42,A34,A45,3394,lt_100,unemployed,4,A102,4,car_other,65,A143,own,2,A171,1,A191,A201,0,male
ge_200,12,A31,A49,609,lt_100,lt_1y,4,A101,1,real_estate,26,A143,own,1,A171,1,A191,A201,1,female
none,12,A32,A40,1884,lt_100,ge_7y,4,A101,4,car_other,39,A143,own,1,A174,1,A192,A201,0,male
lt_0,12,A32,A42,1620,lt_100,1_4y,2,A102,3,life_insurance,30,A143,own,1,A173,1,A191,A201,0,female
0_to_200,20,A33,A410,2629,lt_100,1_4y,2,A101,3,car_other,29,A141,own,2,A173,1,A192,A201,0,male
none,12,A32,A46,719,lt_100,ge_7y,4,A101,4,car_other,41,A141,own,1,A172,2,A191,A201,1,male
0_to_200,48,A34,A42,5096,lt_100,1_4y,2,A101,3,car_other,30,A143,own,1,A174,1,A192,A201,1,female
none,9,A34,A46,1244,unknown_none,ge_7y,4,A101,4,life_insurance,41,A143,rent,2,A172,1,A191,A201,0,female
lt_0,36,A32,A40,1842,lt_100,lt_1y,4,A101,4,car_other,34,A143,own,1,A173,1,A192,A201,1,female
0_to_200,7,A32,A43,2576,lt_100,1_4y,2,A103,2,real_estate,35,A143,own,1,A173,1,A191,A201,0,male
ge_200,12,A32,A42,1424,unknown_none,ge_7y,3,A101,4,real_estate,55,A143,own,1,A174,1,A192,A201,0,female
0_to_200,15,A33,A45,1512,ge_1000,1_4y,3,A101,3,life_insurance,61,A142,own,2,A173,1,A191,A201,1,male
none,36,A34,A41,11054,unknown_none,1_4y,4,A101,2,car_other,30,A143,own,1,A174,1,A192,A201,0,male
none,6,A32,A43,518,lt_100,1_4y,3,A101,1,real_estate,29,A143,own,1,A173,1,A191,A201,0,female
none,12,A30,A42,2759,lt_100,ge_7y,2,A101,4,life_insurance,34,A143,own,2,A173,1,A191,A201,0,male
none,24,A32,A41,2670,lt_100,ge_7y,4,A101,4,car_other,35,A143,own,1,A174,1,A192,A201,0,male
lt_0,24,A32,A40,4817,lt_100,4_7y,2,A102,3,life_insurance,31,A143,own,1,A173,1,A192,A201,1,male
none,24,A32,A41,2679,lt_100,lt_1y,4,A101,1,none,29,A143,own,1,A174,1,A192,A201,0,female
lt_0,11,A34,A40,3905,lt_100,1_4y,2,A101,2,real_estate,36,A143,rent,2,A173,2,A191,A201,0,male
lt_0,12,A32,A41,3386,lt_100,ge_7y,3,A101,4,none,35,A143,free,1,A173,1,A192,A201,1,male
lt_0,6,A32,A44,343,lt_100,lt_1y,4,A101,1,real_estate,27,A143,own,1,A173,1,A191,A201,0,female
none,18,A32,A43,4594,lt_100,lt_1y,3,A101,2,car_other,32,A143,own,1,A173,1,A192,A201,0,male
lt_0,36,A32,A42,3620,lt_100,1_4y,1,A103,2,life_insurance,37,A143,own,1,A173,2,A191,A201,0,male
lt_0,15,A32,A40,1721,lt_100,lt_1y,2,A101,3,real_estate,36,A143,own,1,A173,1,A191,A201,0,male
0_to_200,12,A32,A42,3017,lt_100,lt_1y,3,A101,1,real_estate,34,A143,rent,1,A174,1,A191,A201,0,female
0_to_200,12,A32,A48,754,unknown_none,ge_7y,4,A101,4,life_insurance,38,A143,own,2,A173,1,A191,A201,0,male
none,18,A32,A49,1950,lt_100,4_7y,4,A101,1,car_other,34,A142,own,2,A173,1,A192,A201,0,male
lt_0,24,A32,A41,2924,lt_100,1_4y,3,A103,4,none,63,A141,own,1,A173,2,A192,A201,0,male
lt_0,24,A33,A43,1659,lt_100,lt_1y,4,A101,2,car_other,29,A143,rent,1,A172,1,A192,A201,1,female
none,48,A33,A43,7238,unknown_none,ge_7y,3,A101,3,car_other,32,A141,own,2,A173,2,A191,A201,0,male
none,33,A33,A49,2764,lt_100,1_4y,2,A101,2,car_other,26,A143,own,2,A173,1,A192,A201,0,female
none,24,A33,A41,4679,lt_100,4_7y,3,A101,3,car_other,35,A143,own,2,A172,1,A192,A201,0,male
0_to_200,24,A32,A43,3092,100_500,lt_1y,3,A101,2,car_other,22,A143,rent,1,A173,1,A192,A201,1,male
lt_0,6,A32,A46,448,lt_100,lt_1y,4,A101,4,life_insurance,23,A143,own,1,A173,1,A191,A201,1,female
lt_0,9,A32,A40,654,lt_100,1_4y,4,A101,3,car_other,28,A143,own,1,A172,1,A191,A201,1,male
none,6,A32,A48,1238,unknown_none,unemployed,4,A101,4,life_insurance,36,A143,own,1,A174,2,A192,A201,0,male
0_to_200,18,A34,A43,1245,lt_100,1_4y,4,A101,2,car_other,33,A143,own,1,A173,1,A191,A201,1,male
lt_0,18,A30,A42,3114,lt_100,lt_1y,1,A101,4,life_insurance,26,A143,rent,1,A173,1,A191,A201,1,female
none,39,A32,A41,2569,500_1000,1_4y,4,A101,4,car_other,24,A143,own,1,A173,1,A191,A201,0,male
ge_200,24,A32,A43,5152,lt_100,4_7y,4,A101,2,car_other,25,A141,own,1,A173,1,A191,A201,0,male
0_to_200,12,A32,A49,1037,100_500,4_7y,3,A101,4,real_estate,39,A143,own,1,A172,1,A191,A201,0,male
lt_0,15,A34,A42,1478,lt_100,ge_7y,4,A101,4,car_other,44,A143,own,2,A173,2,A192,A201,0,male
0_to_200,12,A34,A43,3573,lt_100,1_4y,1,A101,1,real_estate,23,A143,own,1,A172,1,A191,A201,0,female
0_to_200,24,A32,A40,1201,lt_100,lt_1y,4,A101,1,life_insurance,26,A143,own,1,A173,1,A191,A201,0,male
lt_0,30,A32,A42,3622,ge_1000,ge_7y,4,A101,4,life_insurance,57,A143,rent,2,A173,1,A192,A201,0,female
none,15,A33,A42,960,ge_1000,4_7y,3,A101,2,life_insurance,30,A143,own,2,A173,1,A191,A201,0,female
none,12,A34,A40,1163,500_1000,1_4y,4,A101,4,real_estate,44,A143,own,1,A173,1,A192,A201,0,male
0_to_200,6,A33,A40,1209,lt_100,unemployed,4,A101,4,life_insurance,47,A143,own,1,A174,1,A192,A201,1,male
none,12,A32,A43,3077,lt_100,1_4y,2,A101,4,car_other,52,A143,own,1,A173,1,A192,A201,0,male
none,24,A32,A40,3757,lt_100,ge_7y,4,A102,4,none,62,A143,free,1,A173,1,A192,A201,0,female
none,10,A32,A40,1418,100_500,1_4y,3,A101,2,real_estate,35,A143,rent,1,A172,1,A191,A202,0,male
none,6,A32,A40,3518,lt_100,1_4y,2,A103,3,life_insurance,26,A143,rent,1,A173,1,A191,A201,0,male
none,12,A34,A43,1934,lt_100,ge_7y,2,A101,2,none,26,A143,own,2,A173,1,A191,A201,0,male
0_to_200,27,A30,A49,8318,lt_100,ge_7y,2,A101,4,none,42,A143,free,2,A174,1,A192,A201,1,female
none,6,A34,A43,1237,100_500,1_4y,1,A101,1,life_insurance,27,A143,own,2,A173,1,A191,A201,0,female
0_to_200,6,A32,A43,368,unknown_none,ge_7y,4,A101,4,life_insurance,38,A143,own,1,A173,1,A191,A201,0,male
lt_0,12,A34,A40,2122,lt_100,1_4y,3,A101,2,real_estate,39,A143,rent,2,A172,2,A191,A202,0,male
lt_0,24,A32,A42,2996,unknown_none,1_4y,2,A101,4,car_other,20,A143,own,1,A173,1,A191,A201,1,male
0_to_200,36,A32,A42,9034,100_500,lt_1y,4,A102,1,none,29,A143,rent,1,A174,1,A192,A201,1,male
none,24,A34,A42,1585,lt_100,4_7y,4,A101,3,life_insurance,40,A143,own,2,A173,1,A191,A201,0,male
0_to_200,18,A32,A43,1301,lt_100,ge_7y,4,A103,2,real_estate,32,A143,own,1,A172,1,A191,A201,0,male
ge_200,6,A34,A40,1323,100_500,ge_7y,2,A101,4,car_other,28,A143,own,2,A173,2,A192,A201,0,male
lt_0,24,A32,A40,3123,lt_100,lt_1y,4,A101,1,life_insurance,27,A143,own,1,A173,1,A191,A201,1,female
lt_0,36,A32,A41,5493,lt_100,ge_7y,2,A101,4,none,42,A143,free,1,A173,2,A191,A201,0,male
ge_200,9,A32,A43,1126,100_500,ge_7y,2,A101,4,real_estate,49,A143,own,1,A173,1,A191,A201,0,male
0_to_200,24,A34,A43,1216,100_500,lt_1y,4,A101,4,none,38,A141,own,2,A173,2,A191,A201,1,male
lt_0,24,A32,A40,1207,lt_100,lt_1y,4,A101,4,life_insurance,24,A143,rent,1,A173,1,A191,A201,1,female
none,10,A32,A40,1309,unknown_none,1_4y,4,A103,4,life_insurance,27,A143,own,1,A172,1,A191,A201,1,male
ge_200,15,A34,A41,2360,500_1000,1_4y,2,A101,2,car_other,36,A143,own,1,A173,1,A192,A201,0,male
0_to_200,15,A31,A40,6850,100_500,unemployed,1,A101,2,life_insurance,34,A143,own,1,A174,2,A192,A201,1,male
none,24,A32,A43,1413,lt_100,1_4y,4,A101,2,life_insurance,28,A143,own,1,A173,1,A191,A201,0,male
none,39,A32,A41,8588,100_500,ge_7y,4,A101,2,car_other,45,A143,own,1,A174,1,A192,A201,0,male
lt_0,12,A32,A40,759,lt_100,4_7y,4,A101,2,real_estate,26,A143,own,1,A173,1,A191,A201,1,male
none,36,A32,A41,4686,lt_100,1_4y,2,A101,2,none,32,A143,free,1,A174,1,A192,A201,0,male
ge_200,15,A32,A49,2687,lt_100,4_7y,2,A101,4,life_insurance,26,A143,rent,1,A173,1,A192,A201,0,male
0_to_200,12,A33,A43,585,lt_100,1_4y,4,A102,4,real_estate,20,A143,rent,2,A173,1,A191,A201,0,male
none,24,A32,A40,2255,unknown_none,lt_1y,4,A101,1,life_insurance,54,A143,own,1,A173,1,A191,A201,0,male
lt_0,6,A34,A40,609,lt_100,4_7y,4,A101,3,life_insurance,37,A143,own,2,A173,1,A191,A202,0,female
lt_0,6,A34,A40,1361,lt_100,lt_1y,2,A101,4,real_estate,40,A143,own,1,A172,2,A191,A202,0,male
none,36,A34,A42,7127,lt_100,lt_1y,2,A101,4,life_insurance,23,A143,rent,2,A173,1,A192,A201,1,female
lt_0,6,A32,A40,1203,100_500,ge_7y,3,A101,2,life_insurance,43,A143,own,1,A173,1,A192,A201,0,male
none,6,A34,A43,700,unknown_none,ge_7y,4,A101,4,none,36,A143,free,2,A173,1,A191,A201,0,male
none,24,A34,A45,5507,lt_100,ge_7y,3,A101,4,none,44,A143,free,2,A173,1,A191,A201,0,male
lt_0,18,A32,A43,3190,lt_100,1_4y,2,A101,2,real_estate,24,A143,own,1,A173,1,A191,A201,1,female
lt_0,48,A30,A42,7119,lt_100,1_4y,3,A101,4,none,53,A143,free,2,A173,2,A191,A201,1,male
none,24,A32,A41,3488,100_500,4_7y,3,A101,4,car_other,23,A143,own,1,A173,1,A191,A201,0,female
0_to_200,18,A32,A43,1113,lt_100,1_4y,4,A103,4,real_estate,26,A143,own,1,A172,2,A191,A201,0,female
0_to_200,26,A32,A41,7966,lt_100,lt_1y,2,A101,3,car_other,30,A143,own,2,A173,1,A191,A201,0,male
none,15,A34,A46,1532,100_500,1_4y,4,A101,3,car_other,31,A143,own,1,A173,1,A191,A201,0,female
none,4,A34,A43,1503,lt_100,4_7y,2,A101,1,real_estate,42,A143,own,2,A172,2,A191,A201,0,male
lt_0,36,A32,A43,2302,lt_100,1_4y,4,A101,4,car_other,31,A143,rent,1,A173,1,A191,A201,1,male
lt_0,6,A32,A40,662,lt_100,lt_1y,3,A101,4,real_estate,41,A143,own,1,A172,2,A192,A201,0,male
0_to_200,36,A32,A46,2273,lt_100,4_7y,3,A101,1,car_other,32,A143,own,2,A173,2,A191,A201,0,male
0_to_200,15,A32,A40,2631,100_500,1_4y,2,A101,4,car_other,28,A143,rent,2,A173,1,A192,A201,1,female
none,12,A33,A41,1503,lt_100,1_4y,4,A101,4,real_estate,41,A143,rent,1,A173,1,A191,A201,0,male
none,24,A32,A43,1311,100_500,4_7y,4,A101,3,life_insurance,26,A143,own,1,A173,1,A192,A201,0,male
none,24,A32,A43,3105,unknown_none,lt_1y,4,A101,2,car_other,25,A143,own,2,A173,1,A191,A201,0,male
ge_200,21,A34,A46,2319,lt_100,lt_1y,2,A101,1,car_other,33,A143,rent,1,A173,1,A191,A201,1,male
lt_0,6,A32,A40,1374,unknown_none,unemployed,4,A101,3,life_insurance,75,A143,own,1,A174,1,A192,A201,0,female
0_to_200,18,A34,A42,3612,lt_100,ge_7y,3,A101,4,life_insurance,37,A143,own,1,A173,1,A192,A201,0,female
lt_0,48,A32,A40,7763,lt_100,ge_7y,4,A101,4,none,42,A141,free,1,A174,1,A191,A201,1,male
ge_200,18,A32,A42,3049,lt_100,lt_1y,1,A101,1,life_insurance,45,A142,own,1,A172,1,A191,A201,0,female
0_to_200,12,A32,A43,1534,lt_100,lt_1y,1,A101,1,real_estate,23,A143,rent,1,A173,1,A191,A201,1,male
none,24,A33,A40,2032,lt_100,ge_7y,4,A101,4,none,60,A143,free,2,A173,1,A192,A201,0,male
lt_0,30,A32,A42,6350,unknown_none,ge_7y,4,A101,4,life_insurance,31,A143,own,1,A173,1,A191,A201,1,male
ge_200,18,A32,A42,2864,lt_100,1_4y,2,A101,1,real_estate,34,A143,own,1,A172,2,A191,A201,1,male
none,12,A34,A40,1255,lt_100,ge_7y,4,A101,4,real_estate,61,A143,own,2,A172,1,A191,A201,0,male
lt_0,24,A33,A40,1333,lt_100,unemployed,4,A101,2,real_estate,43,A143,free,2,A173,2,A191,A201,1,male
none,24,A34,A40,2022,lt_100,1_4y,4,A101,4,car_other,37,A143,own,1,A173,1,A192,A201,0,female
none,24,A32,A43,1552,lt_100,4_7y,3,A101,1,car_other,32,A141,own,1,A173,2,A191,A201,0,male
lt_0,12,A31,A43,626,lt_100,1_4y,4,A101,4,real_estate,24,A141,own,1,A172,1,A191,A201,1,female
none,48,A34,A41,8858,unknown_none,4_7y,2,A101,1,none,35,A143,free,2,A173,1,A192,A201,0,male
none,12,A34,A45,996,unknown_none,4_7y,4,A101,4,real_estate,23,A143,own,2,A173,1,A191,A201,0,female
none,6,A31,A43,1750,500_1000,ge_7y,2,A101,4,life_insurance,45,A141,own,1,A172,2,A191,A201,0,male
lt_0,48,A32,A43,6999,lt_100,4_7y,1,A103,1,real_estate,34,A143,own,2,A173,1,A192,A201,1,male
0_to_200,12,A34,A40,1995,100_500,lt_1y,4,A101,1,car_other,27,A143,own,1,A173,1,A191,A201,0,male
0_to_200,9,A32,A46,1199,lt_100,4_7y,4,A101,4,life_insurance,67,A143,own,2,A174,1,A192,A201,0,female
0_to_200,12,A32,A43,1331,lt_100,lt_1y,2,A101,1,car_other,22,A142,own,1,A173,1,A191,A201,1,male
0_to_200,18,A30,A40,2278,100_500,lt_1y,3,A101,3,car_other,28,A143,own,2,A173,1,A191,A201,1,female
none,21,A30,A40,5003,unknown_none,1_4y,1,A101,4,life_insurance,29,A141,own,2,A173,1,A192,A201,1,female
lt_0,24,A31,A42,3552,lt_100,4_7y,3,A101,4,car_other,27,A141,own,1,A173,1,A191,A201,1,male
0_to_200,18,A34,A42,1928,lt_100,lt_1y,2,A101,2,real_estate,31,A143,own,2,A172,1,A191,A201,1,male
lt_0,24,A32,A41,2964,unknown_none,ge_7y,4,A101,4,none,49,A141,free,1,A173,2,A192,A201,0,male
lt_0,24,A31,A43,1546,lt_100,4_7y,4,A103,4,car_other,24,A141,rent,1,A172,1,A191,A201,1,male
ge_200,6,A33,A43,683,lt_100,lt_1y,2,A101,1,life_insurance,29,A141,own,1,A173,1,A191,A201,0,female
0_to_200,36,A32,A40,12389,unknown_none,1_4y,1,A101,4,none,37,A143,free,1,A173,1,A192,A201,1,male
0_to_200,24,A33,A49,4712,unknown_none,1_4y,4,A101,2,life_insurance,37,A141,own,2,A174,1,A192,A201,0,male
0_to_200,24,A33,A43,1553,100_500,4_7y,3,A101,2,life_insurance,23,A143,rent,2,A173,1,A192,A201,0,female
lt_0,12,A32,A40,1372,lt_100,4_7y,2,A101,3,car_other,36,A143,own,1,A173,1,A191,A201,1,male
none,24,A34,A43,2578,ge_1000,ge_7y,2,A101,2,car_other,34,A143,own,1,A173,1,A191,A201,0,male
0_to_200,48,A32,A43,3979,unknown_none,4_7y,4,A101,1,car_other,41,A143,own,2,A173,2,A192,A201,0,male
lt_0,48,A32,A43,6758,lt_100,1_4y,3,A101,2,car_other,31,A143,own,1,A173,1,A192,A201,1,female
lt_0,24,A32,A42,3234,lt_100,lt_1y,4,A101,4,real_estate,23,A143,rent,1,A172,1,A192,A201,1,female
none,30,A34,A43,5954,lt_100,4_7y,3,A102,2,car_other,38,A143,own,1,A173,1,A191,A201,0,male
none,24,A32,A41,5433,unknown_none,unemployed,2,A101,4,life_insurance,26,A143,rent,1,A174,1,A192,A201,0,female
lt_0,15,A32,A49,806,lt_100,1_4y,4,A101,4,life_insurance,22,A143,own,1,A172,1,A191,A201,0,female
0_to_200,9,A32,A43,1082,lt_100,ge_7y,4,A101,4,car_other,27,A143,own,2,A172,1,A191,A201,0,male
none,15,A34,A42,2788,lt_100,4_7y,2,A102,3,car_other,24,A141,own,2,A173,1,A191,A201,0,female
0_to_200,12,A32,A43,2930,lt_100,4_7y,2,A101,1,real_estate,27,A143,own,1,A173,1,A191,A201,0,female
none,24,A34,A46,1927,unknown_none,1_4y,3,A101,2,car_other,33,A143,own,2,A173,1,A192,A201,0,female
0_to_200,36,A34,A40,2820,lt_100,lt_1y,4,A101,4,car_other,27,A143,own,2,A173,1,A191,A201,1,male
none,24,A32,A48,937,lt_100,lt_1y,4,A101,3,car_other,27,A143,own,2,A172,1,A191,A201,0,male
0_to_200,18,A34,A40,1056,lt_100,ge_7y,3,A103,3,real_estate,30,A141,own,2,A173,1,A191,A201,1,male
0_to_200,12,A34,A40,3124,lt_100,lt_1y,1,A101,3,real_estate,49,A141,own,2,A172,2,A191,A201,0,male
none,9,A32,A42,1388,lt_100,1_4y,4,A101,2,real_estate,26,A143,rent,1,A173,1,A191,A201,0,female
0_to_200,36,A32,A45,2384,lt_100,lt_1y,4,A101,1,none,33,A143,rent,1,A172,1,A191,A201,1,male
none,12,A32,A40,2133,unknown_none,ge_7y,4,A101,4,none,52,A143,free,1,A174,1,A192,A201,0,female
lt_0,18,A32,A42,2039,lt_100,1_4y,1,A101,4,real_estate,20,A141,rent,1,A173,1,A191,A201,1,female
lt_0,9,A34,A40,2799,lt_100,1_4y,2,A101,2,real_estate,36,A143,rent,2,A173,2,A191,A201,0,male
lt_0,12,A32,A42,1289,lt_100,1_4y,4,A103,1,life_insurance,21,A143,own,1,A172,1,A191,A201,0,male
lt_0,18,A32,A44,1217,lt_100,1_4y,4,A101,3,real_estate,47,A143,own,1,A172,1,A192,A201,1,male
lt_0,12,A34,A42,2246,lt_100,ge_7y,3,A101,3,life_insurance,60,A143,own,2,A173,1,A191,A201,1,male
lt_0,12,A34,A43,385,lt_100,4_7y,4,A101,3,real_estate,58,A143,own,4,A172,1,A192,A201,0,female
0_to_200,24,A33,A40,1965,unknown_none,1_4y,4,A101,4,car_other,42,A143,rent,2,A173,1,A192,A201,0,female
none,21,A32,A49,1572,ge_1000,ge_7y,4,A101,4,real_estate,36,A141,own,1,A172,1,A191,A201,0,female
0_to_200,24,A32,A40,2718,lt_100,1_4y,3,A101,4,life_insurance,20,A143,rent,1,A172,1,A192,A201,1,female
lt_0,24,A31,A410,1358,unknown_none,ge_7y,4,A101,3,car_other,40,A142,own,1,A174,1,A192,A201,1,male
0_to_200,6,A31,A40,931,100_500,lt_1y,1,A101,1,life_insurance,32,A142,own,1,A172,1,A191,A201,1,female
lt_0,24,A32,A40,1442,lt_100,4_7y,4,A101,4,car_other,23,A143,rent,2,A173,1,A191,A201,1,female
0_to_200,24,A30,A49,4241,lt_100,1_4y,1,A101,4,real_estate,36,A143,own,3,A172,1,A192,A201,1,male
none,18,A34,A40,2775,lt_100,4_7y,2,A101,2,life_insurance,31,A141,own,2,A173,1,A191,A201,1,male
none,24,A33,A49,3863,lt_100,1_4y,1,A101,2,none,32,A143,free,1,A173,1,A191,A201,0,male
0_to_200,7,A32,A43,2329,lt_100,lt_1y,1,A103,1,real_estate,45,A143,own,1,A173,1,A191,A201,0,female
0_to_200,9,A32,A42,918,lt_100,1_4y,4,A101,1,life_insurance,30,A143,own,1,A173,1,A191,A201,1,female
0_to_200,24,A31,A46,1837,lt_100,4_7y,4,A101,4,none,34,A141,free,1,A172,1,A191,A201,1,female
none,36,A32,A42,3349,lt_100,1_4y,4,A101,2,car_other,28,A143,own,1,A174,1,A192,A201,1,female
ge_200,10,A32,A42,1275,lt_100,lt_1y,4,A101,2,life_insurance,23,A143,own,1,A173,1,A191,A201,0,female
lt_0,24,A31,A42,2828,500_1000,1_4y,4,A101,4,real_estate,22,A142,own,1,A173,1,A192,A201,0,male
none,24,A34,A49,4526,lt_100,1_4y,3,A101,2,real_estate,74,A143,own,1,A174,1,A192,A201,0,male
0_to_200,36,A32,A43,2671,100_500,1_4y,4,A102,4,none,50,A143,free,1,A173,1,A191,A201,1,female
none,18,A32,A43,2051,lt_100,lt_1y,4,A101,1,real_estate,33,A143,own,1,A173,1,A191,A201,0,male
none,15,A32,A41,1300,unknown_none,ge_7y,4,A101,4,none,45,A141,free,1,A173,2,A191,A201,0,male
lt_0,12,A32,A44,741,100_500,unemployed,4,A101,3,life_insurance,22,A143,own,1,A173,1,A191,A201,1,female
ge_200,10,A32,A40,1240,100_500,ge_7y,1,A101,4,none,48,A143,free,1,A172,2,A191,A201,1,female
lt_0,21,A32,A43,3357,ge_1000,lt_1y,4,A101,2,car_other,29,A141,own,1,A173,1,A191,A201,0,female
lt_0,24,A31,A41,3632,lt_100,1_4y,1,A103,4,car_other,22,A141,rent,1,A173,1,A191,A202,0,female
none,18,A33,A42,1808,lt_100,4_7y,4,A101,1,real_estate,22,A143,own,1,A173,1,A191,A201,1,female
0_to_200,48,A30,A49,12204,unknown_none,1_4y,2,A101,2,car_other,48,A141,own,1,A174,1,A192,A201,0,male
0_to_200,60,A33,A43,9157,unknown_none,1_4y,2,A101,2,none,27,A143,free,1,A174,1,A191,A201,0,male
lt_0,6,A34,A40,3676,lt_100,1_4y,1,A101,3,real_estate,37,A143,rent,3,A173,2,A191,A201,0,male
0_to_200,30,A32,A42,3441,100_500,1_4y,2,A102,4,car_other,21,A143,rent,1,A173,1,A191,A201,1,female
none,12,A32,A40,640,lt_100,1_4y,4,A101,2,real_estate,49,A143,own,1,A172,1,A191,A201,0,male
0_to_200,21,A34,A49,3652,lt_100,4_7y,2,A101,3,life_insurance,27,A143,own,2,A173,1,A191,A201,0,male
none,18,A34,A40,1530,lt_100,1_4y,3,A101,2,life_insurance,32,A141,own,2,A173,1,A191,A201,1,male
none,48,A32,A49,3914,unknown_none,1_4y,4,A101,2,real_estate,38,A141,own,1,A173,1,A191,A201,1,male
lt_0,12,A32,A42,1858,lt_100,lt_1y,4,A101,1,car_other,22,A143,rent,1,A173,1,A191,A201,0,female
lt_0,18,A32,A43,2600,lt_100,1_4y,4,A101,4,none,65,A143,free,2,A173,1,A191,A201,1,male
none,15,A32,A43,1979,unknown_none,ge_7y,4,A101,2,car_other,35,A143,own,1,A173,1,A191,A201,0,male
ge_200,6,A32,A42,2116,lt_100,1_4y,2,A101,2,real_estate,41,A143,own,1,A173,1,A192,A201,0,male
0_to_200,9,A31,A40,1437,100_500,4_7y,2,A101,3,none,29,A143,own,1,A173,1,A191,A201,1,male
none,42,A34,A42,4042,500_1000,1_4y,4,A101,4,real_estate,36,A143,own,2,A173,1,A192,A201,0,male
none,9,A32,A46,3832,unknown_none,ge_7y,1,A101,4,real_estate,64,A143,own,1,A172,1,A191,A201,0,male
lt_0,24,A32,A43,3660,lt_100,1_4y,2,A101,4,car_other,28,A143,own,1,A173,1,A191,A201,0,female
lt_0,18,A31,A42,1553,lt_100,1_4y,4,A101,3,car_other,44,A141,own,1,A173,1,A191,A201,1,male
0_to_200,15,A32,A43,1444,unknown_none,lt_1y,4,A101,1,life_insurance,23,A143,own,1,A173,1,A191,A201,0,male
none,9,A32,A42,1980,lt_100,lt_1y,2,A102,2,car_other,19,A143,rent,2,A173,1,A191,A201,1,female
0_to_200,24,A32,A40,1355,lt_100,lt_1y,3,A101,4,car_other,25,A143,own,1,A172,1,A192,A201,1,female
none,12,A32,A46,1393,lt_100,ge_7y,4,A101,4,life_insurance,47,A141,own,3,A173,2,A192,A201,0,male
none,24,A32,A43,1376,500_1000,4_7y,4,A101,1,car_other,28,A143,own,1,A173,1,A191,A201,0,female
none,60,A33,A43,15653,lt_100,4_7y,2,A101,4,car_other,21,A143,own,2,A173,1,A192,A201,0,male
none,12,A32,A43,1493,lt_100,lt_1y,4,A101,3,car_other,34,A143,own,1,A173,2,A191,A201,0,female
lt_0,42,A33,A43,4370,lt_100,4_7y,3,A101,2,life_insurance,26,A141,own,2,A173,2,A192,A201,1,male
lt_0,18,A32,A46,750,lt_100,unemployed,4,A101,1,real_estate,27,A143,own,1,A171,1,A191,A201,1,female
0_to_200,15,A32,A45,1308,lt_100,ge_7y,4,A101,4,car_other,38,A143,own,2,A172,1,A191,A201,0,male
none,15,A32,A46,4623,100_500,1_4y,3,A101,2,life_insurance,40,A143,own,1,A174,1,A192,A201,1,male
none,24,A34,A43,1851,lt_100,4_7y,4,A103,2,car_other,33,A143,own,2,A173,1,A192,A201,0,male
lt_0,18,A34,A43,1880,lt_100,4_7y,4,A101,1,life_insurance,32,A143,own,2,A174,1,A192,A201,0,male
none,36,A33,A49,7980,unknown_none,lt_1y,4,A101,4,car_other,27,A143,rent,2,A173,1,A192,A201,1,male
lt_0,30,A30,A42,4583,lt_100,1_4y,2,A103,2,real_estate,32,A143,own,2,A173,1,A191,A201,0,male
none,12,A32,A40,1386,500_1000,1_4y,2,A101,2,life_insurance,26,A143,own,1,A173,1,A191,A201,1,female
ge_200,24,A32,A40,947,lt_100,4_7y,4,A101,3,none,38,A141,free,1,A173,2,A191,A201,1,male
lt_0,12,A32,A46,684,lt_100,1_4y,4,A101,4,car_other,40,A143,rent,1,A172,2,A191,A201,1,male
lt_0,48,A32,A46,7476,lt_100,4_7y,4,A101,1,none,50,A143,free,1,A174,1,A192,A201,0,male
0_to_200,12,A32,A42,1922,lt_100,1_4y,4,A101,2,life_insurance,37,A143,own,1,A172,1,A191,A201,1,male
lt_0,24,A32,A40,2303,lt_100,ge_7y,4,A102,1,real_estate,45,A143,own,1,A173,1,A191,A201,1,male
0_to_200,36,A33,A40,8086,100_500,ge_7y,2,A101,4,car_other,42,A143,own,4,A174,1,A192,A201,1,male
none,24,A34,A41,2346,lt_100,4_7y,4,A101,3,car_other,35,A143,own,2,A173,1,A192,A201,0,male
lt_0,14,A32,A40,3973,lt_100,unemployed,1,A101,4,none,22,A143,free,1,A173,1,A191,A201,0,male
0_to_200,12,A32,A40,888,lt_100,ge_7y,4,A101,4,car_other,41,A141,own,1,A172,2,A191,A201,1,male
none,48,A32,A43,10222,unknown_none,4_7y,4,A101,3,car_other,37,A142,own,1,A173,1,A192,A201,0,male
0_to_200,30,A30,A49,4221,lt_100,1_4y,2,A101,1,car_other,28,A143,own,2,A173,1,A191,A201,0,female
0_to_200,18,A34,A42,6361,lt_100,ge_7y,2,A101,1,none,41,A143,own,1,A173,1,A192,A201,0,male
ge_200,12,A32,A43,1297,lt_100,1_4y,3,A101,4,real_estate,23,A143,rent,1,A173,1,A191,A201,0,male
lt_0,12,A32,A40,900,unknown_none,1_4y,4,A101,2,car_other,23,A143,own,1,A173,1,A191,A201,1,male
none,21,A32,A42,2241,lt_100,ge_7y,4,A101,2,real_estate,50,A143,own,2,A173,1,A191,A201,0,male
0_to_200,6,A33,A42,1050,lt_100,unemployed,4,A101,1,life_insurance,35,A142,own,2,A174,1,A192,A201,0,male
ge_200,6,A34,A46,1047,lt_100,1_4y,2,A101,4,life_insurance,50,A143,own,1,A172,1,A191,A201,0,female
none,24,A34,A410,6314,lt_100,unemployed,4,A102,2,none,27,A141,own,2,A174,1,A192,A201,0,male
0_to_200,30,A31,A42,3496,ge_1000,1_4y,4,A101,2,car_other,34,A142,own,1,A173,2,A192,A201,0,male
none,48,A31,A49,3609,lt_100,1_4y,1,A101,1,real_estate,27,A142,own,1,A173,1,A191,A201,0,female
lt_0,12,A34,A40,4843,lt_100,ge_7y,3,A102,4,life_insurance,43,A143,rent,2,A173,1,A192,A201,1,male
ge_200,30,A34,A43,3017,lt_100,ge_7y,4,A101,4,life_insurance,47,A143,own,1,A173,1,A191,A201,0,male
none,24,A34,A49,4139,100_500,1_4y,3,A101,3,life_insurance,27,A143,own,2,A172,1,A192,A201,0,male
none,36,A32,A49,5742,100_500,4_7y,2,A101,2,car_other,31,A143,own,2,A173,1,A192,A201,0,male
none,60,A32,A40,10366,lt_100,ge_7y,2,A101,4,life_insurance,42,A143,own,1,A174,1,A192,A201,0,male
none,6,A34,A40,2080,500_1000,1_4y,1,A101,2,car_other,24,A143,own,1,A173,1,A191,A201,0,male
none,21,A33,A49,2580,500_1000,lt_1y,4,A101,2,real_estate,41,A141,own,1,A172,2,A191,A201,1,male
none,30,A34,A43,4530,lt_100,4_7y,4,A101,4,car_other,26,A143,rent,1,A174,1,A192,A201,0,female
none,24,A34,A42,5150,lt_100,ge_7y,4,A101,4,car_other,33,A143,own,1,A173,1,A192,A201,0,male
0_to_200,72,A32,A43,5595,100_500,1_4y,2,A101,2,car_other,24,A143,own,1,A173,1,A191,A201,1,male
lt_0,24,A32,A43,2384,lt_100,ge_7y,4,A101,4,real_estate,64,A141,rent,1,A172,1,A191,A201,0,male
none,18,A32,A43,1453,lt_100,lt_1y,3,A101,1,real_estate,26,A143,own,1,A173,1,A191,A201,0,female
none,6,A32,A46,1538,lt_100,lt_1y,1,A101,2,none,56,A143,own,1,A173,1,A191,A201,0,female
none,12,A32,A43,2279,unknown_none,1_4y,4,A101,4,none,37,A143,free,1,A173,1,A192,A201,0,male
none,15,A33,A43,1478,lt_100,1_4y,4,A101,3,real_estate,33,A141,own,2,A173,1,A191,A201,0,male
none,24,A34,A43,5103,lt_100,lt_1y,3,A101,3,none,47,A143,free,3,A173,1,A192,A201,0,male
0_to_200,36,A33,A49,9857,100_500,4_7y,1,A101,3,life_insurance,31,A143,own,2,A172,2,A192,A201,0,male
none,60,A32,A40,6527,unknown_none,1_4y,4,A101,4,none,34,A143,free,1,A173,2,A192,A201,0,male
ge_200,10,A34,A43,1347,unknown_none,4_7y,4,A101,2,life_insurance,27,A143,own,2,A173,1,A192,A201,0,male
0_to_200,36,A33,A40,2862,100_500,ge_7y,4,A101,3,none,30,A143,free,1,A173,1,A191,A201,0,male
none,9,A32,A43,2753,100_500,ge_7y,3,A102,4,car_other,35,A143,own,1,A173,1,A192,A201,0,male
lt_0,12,A32,A40,3651,ge_1000,1_4y,1,A101,3,life_insurance,31,A143,own,1,A173,2,A191,A201,0,male
lt_0,15,A34,A42,975,lt_100,1_4y,2,A101,3,life_insurance,25,A143,own,2,A173,1,A191,A201,0,male
0_to_200,15,A32,A45,2631,100_500,1_4y,3,A101,2,real_estate,25,A143,own,1,A172,1,A191,A201,0,female
0_to_200,24,A32,A43,2896,100_500,lt_1y,2,A101,1,car_other,29,A143,own,1,A173,1,A191,A201,0,male
lt_0,6,A34,A40,4716,unknown_none,lt_1y,1,A101,3,real_estate,44,A143,own,2,A172,2,A191,A201,0,male
none,24,A32,A43,2284,lt_100,4_7y,4,A101,2,car_other,28,A143,own,1,A173,1,A192,A201,0,male
none,6,A32,A41,1236,500_1000,1_4y,2,A101,4,life_insurance,50,A143,rent,1,A173,1,A191,A201,0,male
0_to_200,12,A32,A43,1103,lt_100,4_7y,4,A103,3,real_estate,29,A143,own,2,A173,1,A191,A202,0,male
none,12,A34,A40,926,lt_100,unemployed,1,A101,2,life_insurance,38,A143,own,1,A171,1,A191,A201,0,female
none,18,A34,A43,1800,lt_100,1_4y,4,A101,2,car_other,24,A143,own,2,A173,1,A191,A201,0,male
ge_200,15,A32,A46,1905,lt_100,ge_7y,4,A101,4,car_other,40,A143,rent,1,A174,1,A192,A201,0,male
none,12,A32,A42,1123,500_1000,1_4y,4,A101,4,car_other,29,A143,rent,1,A172,1,A191,A201,1,female
lt_0,48,A34,A41,6331,lt_100,ge_7y,4,A101,4,none,46,A143,free,2,A173,1,A192,A201,1,male
ge_200,24,A32,A43,1377,100_500,ge_7y,4,A101,2,none,47,A143,free,1,A173,1,A192,A201,0,female
0_to_200,30,A33,A49,2503,100_500,ge_7y,4,A101,2,life_insurance,41,A142,own,2,A173,1,A191,A201,0,male
0_to_200,27,A32,A49,2528,lt_100,lt_1y,4,A101,1,life_insurance,32,A143,own,1,A173,2,A192,A201,0,female
none,15,A32,A40,5324,500_1000,ge_7y,1,A101,4,none,35,A143,free,1,A173,1,A191,A201,0,female
0_to_200,48,A32,A40,6560,100_500,4_7y,3,A101,2,life_insurance,24,A143,own,1,A173,1,A191,A201,1,male
0_to_200,12,A30,A42,2969,lt_100,lt_1y,4,A101,3,life_insurance,25,A143,rent,2,A173,1,A191,A201,1,female
0_to_200,9,A32,A43,1206,lt_100,ge_7y,4,A101,4,real_estate,25,A143,own,1,A173,1,A191,A201,0,female
0_to_200,9,A32,A43,2118,lt_100,1_4y,2,A101,2,real_estate,37,A143,own,1,A172,2,A191,A201,0,male
none,18,A34,A43,629,500_1000,ge_7y,4,A101,3,life_insurance,32,A141,own,2,A174,1,A192,A201,0,male
lt_0,6,A31,A46,1198,lt_100,ge_7y,4,A101,4,none,35,A143,free,1,A173,1,A191,A201,1,female
none,21,A32,A41,2476,unknown_none,ge_7y,4,A101,4,real_estate,46,A143,own,1,A174,1,A192,A201,0,male
lt_0,9,A34,A43,1138,lt_100,1_4y,4,A101,4,real_estate,25,A143,own,2,A172,1,A191,A201,0,male
0_to_200,60,A32,A40,14027,lt_100,4_7y,4,A101,2,none,27,A143,own,1,A174,1,A192,A201,1,male
none,30,A34,A41,7596,unknown_none,ge_7y,1,A101,4,car_other,63,A143,own,2,A173,1,A191,A201,0,male
none,30,A34,A43,3077,unknown_none,ge_7y,3,A101,2,car_other,40,A143,own,2,A173,2,A192,A201,0,male
none,18,A32,A43,1505,lt_100,1_4y,4,A101,2,none,32,A143,free,1,A174,1,A192,A201,0,male
ge_200,24,A34,A43,3148,unknown_none,1_4y,3,A101,2,car_other,31,A143,own,2,A173,1,A192,A201,0,male
0_to_200,20,A30,A41,6148,100_500,ge_7y,3,A101,4,car_other,31,A141,own,2,A173,1,A192,A201,0,male
ge_200,9,A30,A43,1337,lt_100,lt_1y,4,A101,2,car_other,34,A143,own,2,A174,1,A192,A201,1,male
0_to_200,6,A31,A46,433,ge_1000,lt_1y,4,A101,2,life_insurance,24,A141,rent,1,A173,2,A191,A201,1,female
lt_0,12,A32,A40,1228,lt_100,1_4y,4,A101,2,real_estate,24,A143,own,1,A172,1,A191,A201,1,female
0_to_200,9,A32,A43,790,500_1000,1_4y,4,A101,3,real_estate,66,A143,own,1,A172,1,A191,A201,0,female
none,27,A32,A40,2570,lt_100,1_4y,3,A101,3,real_estate,21,A143,rent,1,A173,1,A191,A201,1,female
none,6,A34,A40,250,ge_1000,1_4y,2,A101,2,real_estate,41,A141,own,2,A172,1,A191,A201,0,female
none,15,A34,A43,1316,500_1000,1_4y,2,A101,2,life_insurance,47,A143,own,2,A172,1,A191,A201,0,male
lt_0,18,A32,A43,1882,lt_100,1_4y,4,A101,4,car_other,25,A141,rent,2,A173,1,A191,A201,1,female
0_to_200,48,A31,A49,6416,lt_100,ge_7y,4,A101,3,none,59,A143,rent,1,A173,1,A191,A201,1,female
ge_200,24,A34,A49,1275,ge_1000,1_4y,2,A101,4,real_estate,36,A143,own,2,A173,1,A192,A201,0,male
0_to_200,24,A33,A43,6403,lt_100,lt_1y,1,A101,2,car_other,33,A143,own,1,A173,1,A191,A201,0,male
lt_0,24,A32,A43,1987,lt_100,1_4y,2,A101,4,real_estate,21,A143,rent,1,A172,2,A191,A201,1,male
0_to_200,8,A32,A43,760,lt_100,4_7y,4,A103,2,real_estate,44,A143,own,1,A172,1,A191,A201,0,female
none,24,A32,A41,2603,ge_1000,1_4y,2,A101,4,car_other,28,A143,rent,1,A173,1,A192,A201,0,female
none,4,A34,A40,3380,lt_100,4_7y,1,A101,1,real_estate,37,A143,own,1,A173,2,A191,A201,0,female
0_to_200,36,A31,A44,3990,unknown_none,lt_1y,3,A101,2,none,29,A141,own,1,A171,1,A191,A201,0,female
0_to_200,24,A32,A41,11560,lt_100,1_4y,1,A101,4,car_other,23,A143,rent,2,A174,1,A191,A201,1,female
lt_0,18,A32,A40,4380,100_500,1_4y,3,A101,4,car_other,35,A143,own,1,A172,2,A192,A201,0,male
none,6,A34,A40,6761,lt_100,4_7y,1,A101,3,none,45,A143,own,2,A174,2,A192,A201,0,male
0_to_200,30,A30,A49,4280,100_500,1_4y,4,A101,4,car_other,26,A143,rent,2,A172,1,A191,A201,1,female
lt_0,24,A31,A40,2325,100_500,4_7y,2,A101,3,car_other,32,A141,own,1,A173,1,A191,A201,0,male
0_to_200,10,A31,A43,1048,lt_100,1_4y,4,A101,4,real_estate,23,A142,own,1,A172,1,A191,A201,0,male
none,21,A32,A43,3160,unknown_none,ge_7y,4,A101,3,life_insurance,41,A143,own,1,A173,1,A192,A201,0,male
lt_0,24,A31,A42,2483,500_1000,1_4y,4,A101,4,real_estate,22,A142,own,1,A173,1,A192,A201,0,male
lt_0,39,A34,A42,14179,unknown_none,4_7y,4,A101,4,life_insurance,30,A143,own,2,A174,1,A192,A201,0,male
lt_0,13,A34,A49,1797,lt_100,lt_1y,3,A101,1,life_insurance,28,A141,own,2,A172,1,A191,A201,0,male
lt_0,15,A32,A40,2511,lt_100,unemployed,1,A101,4,car_other,23,A143,rent,1,A173,1,A191,A201,0,female
lt_0,12,A32,A40,1274,lt_100,lt_1y,3,A101,1,real_estate,37,A143,own,1,A172,1,A191,A201,1,female
none,21,A32,A41,5248,unknown_none,1_4y,1,A101,3,car_other,26,A143,own,1,A173,1,A191,A201,0,male
none,15,A32,A41,3029,lt_100,4_7y,2,A101,2,car_other,33,A143,own,1,A173,1,A191,A201,0,male
lt_0,6,A32,A42,428,lt_100,ge_7y,2,A101,1,life_insurance,49,A141,own,1,A173,1,A192,A201,0,female
lt_0,18,A32,A40,976,lt_100,lt_1y,1,A101,2,car_other,23,A143,own,1,A172,1,A191,A201,1,female
0_to_200,12,A32,A49,841,100_500,4_7y,2,A101,4,real_estate,23,A143,rent,1,A172,1,A191,A201,0,female
none,30,A34,A43,5771,lt_100,4_7y,4,A101,2,car_other,25,A143,own,2,A173,1,A191,A201,0,female
none,12,A33,A45,1555,ge_1000,ge_7y,4,A101,4,none,55,A143,free,2,A173,2,A191,A201,1,male
lt_0,24,A32,A40,1285,unknown_none,4_7y,4,A101,4,none,32,A143,rent,1,A173,1,A191,A201,1,female
ge_200,6,A34,A40,1299,lt_100,1_4y,1,A101,1,real_estate,74,A143,own,3,A171,2,A191,A202,0,male
ge_200,15,A34,A43,1271,unknown_none,1_4y,3,A101,4,none,39,A143,free,2,A173,1,A192,A201,1,male
none,24,A32,A40,1393,lt_100,1_4y,2,A103,2,real_estate,31,A143,own,1,A173,1,A192,A201,0,male
lt_0,12,A34,A40,691,lt_100,ge_7y,4,A101,3,life_insurance,35,A143,own,2,A173,1,A191,A201,1,male
none,15,A34,A40,5045,unknown_none,ge_7y,1,A101,4,car_other,59,A143,own,1,A173,1,A192,A201,0,female
lt_0,18,A34,A42,2124,lt_100,1_4y,4,A101,4,real_estate,24,A143,rent,2,A173,1,A191,A201,1,female
lt_0,12,A32,A43,2214,lt_100,1_4y,4,A101,3,life_insurance,24,A143,own,1,A172,1,A191,A201,0,male
none,21,A34,A40,12680,unknown_none,ge_7y,4,A101,4,none,30,A143,free,1,A174,1,A192,A201,1,male
none,24,A34,A40,2463,100_500,4_7y,4,A101,3,life_insurance,27,A143,own,2,A173,1,A192,A201,0,male
0_to_200,12,A32,A43,1155,lt_100,ge_7y,3,A103,3,real_estate,40,A141,own,2,A172,1,A191,A201,0,male
lt_0,30,A32,A42,3108,lt_100,lt_1y,2,A101,4,life_insurance,31,A143,own,1,A172,1,A191,A201,1,male
none,10,A32,A41,2901,unknown_none,lt_1y,1,A101,4,real_estate,31,A143,rent,1,A173,1,A191,A201,0,female
0_to_200,12,A34,A42,3617,lt_100,ge_7y,1,A101,4,car_other,28,A143,rent,3,A173,1,A192,A201,0,male
none,12,A34,A43,1655,lt_100,ge_7y,2,A101,4,real_estate,63,A143,own,2,A172,1,A192,A201,0,male
lt_0,24,A32,A41,2812,unknown_none,ge_7y,2,A101,4,real_estate,26,A143,rent,1,A173,1,A191,A201,0,female
lt_0,36,A34,A46,8065,lt_100,1_4y,3,A101,2,none,25,A143,own,2,A174,1,A192,A201,1,female
none,21,A34,A41,3275,lt_100,ge_7y,1,A101,4,car_other,36,A143,own,1,A174,1,A192,A201,0,male
none,24,A34,A43,2223,100_500,ge_7y,4,A101,4,life_insurance,52,A141,own,2,A173,1,A191,A201,0,male
ge_200,12,A34,A40,1480,500_1000,unemployed,2,A101,4,none,66,A141,free,3,A171,1,A191,A201,0,male
lt_0,24,A32,A40,1371,unknown_none,1_4y,4,A101,4,real_estate,25,A143,rent,1,A173,1,A191,A201,1,female
none,36,A34,A40,3535,lt_100,4_7y,4,A101,4,car_other,37,A143,own,2,A173,1,A192,A201,0,male
lt_0,18,A32,A43,3509,lt_100,4_7y,4,A103,1,real_estate,25,A143,own,1,A173,1,A191,A201,0,female
none,36,A34,A41,5711,ge_1000,ge_7y,4,A101,2,car_other,38,A143,own,2,A174,1,A192,A201,0,male
0_to_200,18,A32,A45,3872,lt_100,unemployed,2,A101,4,car_other,67,A143,own,1,A173,1,A192,A201,0,female
0_to_200,39,A34,A43,4933,lt_100,4_7y,2,A103,2,real_estate,25,A143,own,2,A173,1,A191,A201,1,male
none,24,A34,A40,1940,ge_1000,ge_7y,4,A101,4,real_estate,60,A143,own,1,A173,1,A192,A201,0,male
0_to_200,12,A30,A48,1410,lt_100,1_4y,2,A101,2,real_estate,31,A143,own,1,A172,1,A192,A201,0,male
0_to_200,12,A32,A40,836,100_500,lt_1y,4,A101,2,life_insurance,23,A141,own,1,A172,1,A191,A201,1,female
0_to_200,20,A32,A41,6468,unknown_none,unemployed,1,A101,4,real_estate,60,A143,own,1,A174,1,A192,A201,0,male
0_to_200,18,A32,A49,1941,ge_1000,1_4y,4,A101,2,life_insurance,35,A143,own,1,A172,1,A192,A201,0,male
none,22,A32,A43,2675,500_1000,ge_7y,3,A101,4,car_other,40,A143,own,1,A173,1,A191,A201,0,male
none,48,A34,A41,2751,unknown_none,ge_7y,4,A101,3,car_other,38,A143,own,2,A173,2,A192,A201,0,male
0_to_200,48,A33,A46,6224,lt_100,ge_7y,4,A101,4,none,50,A143,free,1,A173,1,A191,A201,1,male
lt_0,40,A34,A46,5998,lt_100,1_4y,4,A101,3,none,27,A141,own,1,A173,1,A192,A201,1,male
0_to_200,21,A32,A49,1188,lt_100,ge_7y,2,A101,4,life_insurance,39,A143,own,1,A173,2,A191,A201,1,female
none,24,A32,A41,6313,unknown_none,ge_7y,3,A101,4,car_other,41,A143,own,1,A174,2,A192,A201,0,male
none,6,A34,A42,1221,unknown_none,1_4y,1,A101,2,life_insurance,27,A143,own,2,A173,1,A191,A201,0,male
ge_200,24,A32,A42,2892,lt_100,ge_7y,3,A101,4,none,51,A143,free,1,A173,1,A191,A201,0,male
none,24,A32,A42,3062,500_1000,ge_7y,4,A101,3,none,32,A143,rent,1,A173,1,A192,A201,0,male
none,9,A32,A42,2301,100_500,lt_1y,2,A101,4,life_insurance,22,A143,rent,1,A173,1,A191,A201,0,female
lt_0,18,A32,A41,7511,unknown_none,ge_7y,1,A101,4,life_insurance,51,A143,free,1,A173,2,A192,A201,1,male
none,12,A34,A42,1258,lt_100,lt_1y,2,A101,4,life_insurance,22,A143,rent,2,A172,1,A191,A201,0,female
none,24,A33,A40,717,unknown_none,ge_7y,4,A101,4,car_other,54,A143,own,2,A173,1,A192,A201,0,male
0_to_200,9,A32,A40,1549,unknown_none,lt_1y,4,A101,2,real_estate,35,A143,own,1,A171,1,A191,A201,0,male
none,24,A34,A46,1597,lt_100,ge_7y,4,A101,4,none,54,A143,free,2,A173,2,A191,A201,0,male
0_to_200,18,A34,A43,1795,lt_100,ge_7y,3,A103,4,real_estate,48,A141,rent,2,A172,1,A192,A201,0,female
lt_0,20,A34,A42,4272,lt_100,ge_7y,1,A101,4,life_insurance,24,A143,own,2,A173,1,A191,A201,0,female
none,12,A34,A43,976,unknown_none,ge_7y,4,A101,4,car_other,35,A143,own,2,A173,1,A191,A201,0,male
0_to_200,12,A32,A40,7472,unknown_none,unemployed,1,A101,2,real_estate,24,A143,rent,1,A171,1,A191,A201,0,female
lt_0,36,A32,A40,9271,lt_100,4_7y,2,A101,1,car_other,24,A143,own,1,A173,1,A192,A201,1,male
0_to_200,6,A32,A43,590,lt_100,lt_1y,3,A101,3,real_estate,26,A143,own,1,A172,1,A191,A202,0,male
none,12,A34,A43,930,unknown_none,ge_7y,4,A101,4,real_estate,65,A143,own,4,A173,1,A191,A201,0,male
0_to_200,42,A31,A41,9283,lt_100,unemployed,1,A101,2,none,55,A141,free,1,A174,1,A192,A201,0,male
0_to_200,15,A30,A40,1778,lt_100,lt_1y,2,A101,1,real_estate,26,A143,rent,2,A171,1,A191,A201,1,female
0_to_200,8,A32,A49,907,lt_100,lt_1y,3,A101,2,real_estate,26,A143,own,1,A173,1,A192,A201,0,male
0_to_200,6,A32,A43,484,lt_100,4_7y,3,A103,3,real_estate,28,A141,own,1,A172,1,A191,A201,0,male
lt_0,36,A34,A41,9629,lt_100,4_7y,4,A101,4,car_other,24,A143,own,2,A173,1,A192,A201,1,male
lt_0,48,A32,A44,3051,lt_100,1_4y,3,A101,4,car_other,54,A143,own,1,A173,1,A191,A201,1,male
lt_0,48,A32,A40,3931,lt_100,4_7y,4,A101,4,none,46,A143,free,1,A173,2,A191,A201,1,male
0_to_200,36,A33,A40,7432,lt_100,1_4y,2,A101,2,life_insurance,54,A143,rent,1,A173,1,A191,A201,0,female
none,6,A32,A44,1338,500_1000,1_4y,1,A101,4,real_estate,62,A143,own,1,A173,1,A191,A201,0,male
none,6,A34,A43,1554,lt_100,4_7y,1,A101,2,car_other,24,A143,rent,2,A173,1,A192,A201,0,female
lt_0,36,A32,A410,15857,lt_100,unemployed,2,A102,3,car_other,43,A143,own,1,A174,1,A191,A201,0,male
lt_0,18,A32,A43,1345,lt_100,1_4y,4,A101,3,real_estate,26,A141,own,1,A173,1,A191,A201,1,male
none,12,A32,A40,1101,lt_100,1_4y,3,A101,2,real_estate,27,A143,own,2,A173,1,A192,A201,0,male
ge_200,12,A32,A43,3016,lt_100,1_4y,3,A101,1,car_other,24,A143,own,1,A173,1,A191,A201,0,male
lt_0,36,A32,A42,2712,lt_100,ge_7y,2,A101,2,life_insurance,41,A141,own,1,A173,2,A191,A201,1,male
lt_0,8,A34,A40,731,lt_100,ge_7y,4,A101,4,real_estate,47,A143,own,2,A172,1,A191,A201,0,male
none,18,A34,A42,3780,lt_100,lt_1y,3,A101,2,car_other,35,A143,own,2,A174,1,A192,A201,0,male
lt_0,21,A34,A40,1602,lt_100,ge_7y,4,A101,3,car_other,30,A143,own,2,A173,1,A192,A201,0,male
lt_0,18,A34,A40,3966,lt_100,ge_7y,1,A101,4,real_estate,33,A141,rent,3,A173,1,A192,A201,1,female
none,18,A30,A49,4165,lt_100,1_4y,2,A101,2,car_other,36,A142,own,2,A173,2,A191,A201,1,male
lt_0,36,A32,A41,8335,unknown_none,ge_7y,3,A101,4,none,47,A143,free,1,A173,1,A191,A201,1,male
0_to_200,48,A33,A49,6681,unknown_none,1_4y,4,A101,4,none,38,A143,free,1,A173,2,A192,A201,0,male
none,24,A33,A49,2375,500_1000,1_4y,4,A101,2,car_other,44,A143,own,2,A173,2,A192,A201,0,male
lt_0,18,A32,A40,1216,lt_100,lt_1y,4,A101,3,car_other,23,A143,rent,1,A173,1,A192,A201,1,female
lt_0,45,A30,A49,11816,lt_100,ge_7y,2,A101,4,car_other,29,A143,rent,2,A173,1,A191,A201,1,male
0_to_200,24,A32,A43,5084,unknown_none,ge_7y,2,A101,4,car_other,42,A143,own,1,A173,1,A192,A201,0,female
ge_200,15,A32,A43,2327,lt_100,lt_1y,2,A101,3,real_estate,25,A143,own,1,A172,1,A191,A201,1,female
lt_0,12,A30,A40,1082,lt_100,1_4y,4,A101,4,car_other,48,A141,own,2,A173,1,A191,A201,1,male
none,12,A32,A43,886,unknown_none,1_4y,4,A101,2,car_other,21,A143,own,1,A173,1,A191,A201,0,female
none,4,A32,A42,601,lt_100,lt_1y,1,A101,3,real_estate,23,A143,rent,1,A172,2,A191,A201,0,female
lt_0,24,A34,A41,2957,lt_100,ge_7y,4,A101,4,life_insurance,63,A143,own,2,A173,1,A192,A201,0,male
none,24,A34,A43,2611,lt_100,ge_7y,4,A102,3,real_estate,46,A143,own,2,A173,1,A191,A201,0,male
lt_0,36,A32,A42,5179,lt_100,4_7y,4,A101,2,life_insurance,29,A143,own,1,A173,1,A191,A201,1,male
none,21,A33,A41,2993,lt_100,1_4y,3,A101,2,real_estate,28,A142,own,2,A172,1,A191,A201,0,male
none,18,A32,A45,1943,lt_100,lt_1y,4,A101,4,real_estate,23,A143,own,1,A173,1,A191,A201,1,female
none,24,A31,A49,1559,lt_100,4_7y,4,A101,4,car_other,50,A141,own,1,A173,1,A192,A201,0,male
none,18,A32,A42,3422,lt_100,ge_7y,4,A101,4,life_insurance,47,A141,own,3,A173,2,A192,A201,0,male
0_to_200,21,A32,A42,3976,unknown_none,4_7y,2,A101,3,car_other,35,A143,own,1,A173,1,A192,A201,0,male
none,18,A32,A40,6761,unknown_none,1_4y,2,A101,4,car_other,68,A143,rent,2,A173,1,A191,A201,1,male
none,24,A32,A40,1249,lt_100,lt_1y,4,A101,2,real_estate,28,A143,own,1,A173,1,A191,A201,0,male
lt_0,9,A32,A43,1364,lt_100,4_7y,3,A101,4,real_estate,59,A143,own,1,A173,1,A191,A201,0,male
lt_0,12,A32,A43,709,lt_100,ge_7y,4,A101,4,real_estate,57,A142,own,1,A172,1,A191,A201,1,male
lt_0,20,A34,A40,2235,lt_100,1_4y,4,A103,2,life_insurance,33,A141,rent,2,A173,1,A191,A202,1,male
none,24,A34,A41,4042,unknown_none,4_7y,3,A101,4,life_insurance,43,A143,own,2,A173,1,A192,A201,0,male
none,15,A34,A43,1471,lt_100,1_4y,4,A101,4,none,35,A143,free,2,A173,1,A192,A201,0,male
lt_0,18,A31,A40,1442,lt_100,4_7y,4,A101,4,none,32,A143,free,2,A172,2,A191,A201,1,male
none,36,A33,A40,10875,lt_100,ge_7y,2,A101,2,car_other,45,A143,own,2,A173,2,A192,A201,0,male
none,24,A32,A40,1474,100_500,lt_1y,4,A101,3,real_estate,33,A143,own,1,A173,1,A192,A201,0,male
none,10,A32,A48,894,unknown_none,4_7y,4,A101,3,life_insurance,40,A143,own,1,A173,1,A192,A201,0,female
none,15,A34,A42,3343,lt_100,1_4y,4,A101,2,none,28,A143,free,1,A173,1,A192,A201,0,male
lt_0,15,A32,A40,3959,lt_100,1_4y,3,A101,2,life_insurance,29,A143,own,1,A173,1,A192,A201,1,female
none,9,A32,A40,3577,100_500,1_4y,1,A103,2,real_estate,26,A143,rent,1,A173,2,A191,A202,0,male
none,24,A34,A41,5804,ge_1000,1_4y,4,A101,2,real_estate,27,A143,own,2,A173,1,A191,A201,0,male
none,18,A33,A49,2169,lt_100,1_4y,4,A101,2,car_other,28,A143,own,1,A173,1,A192,A201,1,male
lt_0,24,A32,A43,2439,lt_100,lt_1y,4,A101,4,real_estate,35,A143,own,1,A173,1,A192,A201,1,female
none,27,A34,A42,4526,ge_1000,lt_1y,4,A101,2,real_estate,32,A142,own,2,A172,2,A192,A201,0,male
none,10,A32,A42,2210,lt_100,1_4y,2,A101,2,real_estate,25,A141,rent,1,A172,1,A191,A201,1,male
none,15,A32,A42,2221,500_1000,1_4y,2,A101,4,car_other,20,A143,rent,1,A173,1,A191,A201,0,female
lt_0,18,A32,A43,2389,lt_100,lt_1y,4,A101,1,car_other,27,A142,own,1,A173,1,A191,A201,0,female
none,12,A34,A42,3331,lt_100,ge_7y,2,A101,4,life_insurance,42,A142,own,1,A173,1,A191,A201,0,male
none,36,A32,A49,7409,unknown_none,ge_7y,3,A101,2,life_insurance,37,A143,own,2,A173,1,A191,A201,0,male
lt_0,12,A32,A42,652,lt_100,ge_7y,4,A101,4,life_insurance,24,A143,rent,1,A173,1,A191,A201,0,female
none,36,A33,A42,7678,500_1000,4_7y,2,A101,4,car_other,40,A143,own,2,A173,1,A192,A201,0,female
ge_200,6,A34,A40,1343,lt_100,ge_7y,1,A101,4,real_estate,46,A143,own,2,A173,2,A191,A202,0,male
lt_0,24,A34,A49,1382,100_500,4_7y,4,A101,1,real_estate,26,A143,own,2,A173,1,A192,A201,0,male
none,15,A32,A44,874,unknown_none,lt_1y,4,A101,1,real_estate,24,A143,own,1,A173,1,A191,A201,0,female
lt_0,12,A32,A42,3590,lt_100,1_4y,2,A102,2,life_insurance,29,A143,own,1,A172,2,A191,A201,0,male
0_to_200,11,A34,A40,1322,ge_1000,1_4y,4,A101,4,car_other,40,A143,own,2,A173,1,A191,A201,0,female
lt_0,18,A31,A43,1940,lt_100,lt_1y,3,A102,4,none,36,A141,free,1,A174,1,A192,A201,0,male
none,36,A32,A43,3595,lt_100,ge_7y,4,A101,2,car_other,28,A143,own,1,A173,1,A191,A201,0,male
lt_0,9,A32,A40,1422,lt_100,lt_1y,3,A101,2,none,27,A143,free,1,A174,1,A192,A201,1,male
none,30,A34,A43,6742,unknown_none,4_7y,2,A101,3,life_insurance,36,A143,own,2,A173,1,A191,A201,0,male
none,24,A32,A41,7814,lt_100,4_7y,3,A101,3,car_other,38,A143,own,1,A174,1,A192,A201,0,male
none,24,A32,A41,9277,unknown_none,1_4y,2,A101,4,none,48,A143,free,1,A173,1,A192,A201,0,male
0_to_200,30,A34,A40,2181,unknown_none,ge_7y,4,A101,4,real_estate,36,A143,own,2,A173,1,A191,A201,0,male
none,18,A34,A43,1098,lt_100,unemployed,4,A101,4,car_other,65,A143,own,2,A171,1,A191,A201,0,female
0_to_200,24,A32,A42,4057,lt_100,4_7y,3,A101,3,car_other,43,A143,own,1,A173,1,A192,A201,1,male
lt_0,12,A32,A46,795,lt_100,lt_1y,4,A101,4,life_insurance,53,A143,own,1,A173,1,A191,A201,1,female
0_to_200,24,A34,A49,2825,unknown_none,4_7y,4,A101,3,none,34,A143,own,2,A173,2,A192,A201,0,male
0_to_200,48,A32,A49,15672,lt_100,1_4y,2,A101,2,car_other,23,A143,own,1,A173,1,A192,A201,1,male
none,36,A34,A40,6614,lt_100,ge_7y,4,A101,4,car_other,34,A143,own,2,A174,1,A192,A201,0,male
none,28,A31,A41,7824,unknown_none,lt_1y,3,A103,4,real_estate,40,A141,rent,2,A173,2,A192,A201,0,male
lt_0,27,A34,A49,2442,lt_100,ge_7y,4,A101,4,car_other,43,A142,own,4,A174,2,A192,A201,0,male
none,15,A34,A43,1829,lt_100,ge_7y,4,A101,4,car_other,46,A143,own,2,A173,1,A192,A201,0,male
lt_0,12,A34,A40,2171,lt_100,1_4y,4,A101,4,life_insurance,38,A141,own,2,A172,1,A191,A202,0,male
0_to_200,36,A34,A41,5800,lt_100,1_4y,3,A101,4,car_other,34,A143,own,2,A173,1,A192,A201,0,male
none,18,A34,A43,1169,unknown_none,1_4y,4,A101,3,life_insurance,29,A143,own,2,A173,1,A192,A201,0,male
none,36,A33,A41,8947,unknown_none,4_7y,3,A101,2,car_other,31,A142,own,1,A174,2,A192,A201,0,male
lt_0,21,A32,A43,2606,lt_100,lt_1y,4,A101,4,life_insurance,28,A143,rent,1,A174,1,A192,A201,0,female
none,12,A34,A42,1592,ge_1000,4_7y,3,A101,2,life_insurance,35,A143,own,1,A173,1,A191,A202,0,female
none,15,A32,A42,2186,unknown_none,4_7y,1,A101,4,real_estate,33,A141,rent,1,A172,1,A191,A201,0,female
lt_0,18,A32,A42,4153,lt_100,1_4y,2,A102,3,car_other,42,A143,own,1,A173,1,A191,A201,1,male
lt_0,16,A34,A40,2625,lt_100,ge_7y,2,A103,4,life_insurance,43,A141,rent,1,A173,1,A192,A201,1,male
none,20,A34,A40,3485,unknown_none,lt_1y,2,A101,4,real_estate,44,A143,own,2,A173,1,A192,A201,0,male
none,36,A34,A41,10477,unknown_none,ge_7y,2,A101,4,none,42,A143,free,2,A173,1,A191,A201,0,male
none,15,A32,A43,1386,unknown_none,1_4y,4,A101,2,real_estate,40,A143,rent,1,A173,1,A192,A201,0,male
none,24,A32,A43,1278,lt_100,ge_7y,4,A101,1,real_estate,36,A143,own,1,A174,1,A192,A201,0,male
lt_0,12,A32,A43,1107,lt_100,1_4y,2,A101,2,real_estate,20,A143,rent,1,A174,2,A192,A201,0,male
lt_0,21,A32,A40,3763,unknown_none,4_7y,2,A102,2,real_estate,24,A143,own,1,A172,1,A191,A202,0,male
0_to_200,36,A32,A46,3711,unknown_none,1_4y,2,A101,2,car_other,27,A143,own,1,A173,1,A191,A201,0,male
none,15,A33,A41,3594,lt_100,lt_1y,1,A101,2,life_insurance,46,A143,own,2,A172,1,A191,A201,0,female
0_to_200,9,A32,A40,3195,unknown_none,1_4y,1,A101,2,real_estate,33,A143,own,1,A172,1,A191,A201,0,female
none,36,A33,A43,4454,lt_100,1_4y,4,A101,4,real_estate,34,A143,own,2,A173,1,A191,A201,0,female
0_to_200,24,A34,A42,4736,lt_100,lt_1y,2,A101,4,car_other,25,A141,own,1,A172,1,A191,A201,1,female
0_to_200,30,A32,A43,2991,unknown_none,ge_7y,2,A101,4,car_other,25,A143,own,1,A173,1,A191,A201,0,female
none,11,A32,A49,2142,ge_1000,ge_7y,1,A101,2,real_estate,28,A143,own,1,A173,1,A192,A201,0,male
lt_0,24,A31,A49,3161,lt_100,1_4y,4,A101,2,life_insurance,31,A143,rent,1,A173,1,A192,A201,1,male
0_to_200,48,A30,A410,18424,lt_100,1_4y,1,A101,2,life_insurance,32,A141,own,1,A174,1,A192,A202,1,female
none,10,A32,A41,2848,100_500,1_4y,1,A102,2,real_estate,32,A143,own,1,A173,2,A191,A201,0,male
lt_0,6,A32,A40,14896,lt_100,ge_7y,1,A101,4,none,68,A141,own,1,A174,1,A192,A201,1,male
lt_0,24,A32,A42,2359,100_500,unemployed,1,A101,1,life_insurance,33,A143,own,1,A173,1,A191,A201,1,male
lt_0,24,A32,A42,3345,lt_100,ge_7y,4,A101,2,life_insurance,39,A143,rent,1,A174,1,A192,A201,1,male
none,18,A34,A42,1817,lt_100,1_4y,4,A101,2,none,28,A143,own,2,A173,1,A191,A201,0,female
none,48,A33,A43,12749,500_1000,4_7y,4,A101,1,car_other,37,A143,own,1,A174,1,A192,A201,0,male
lt_0,9,A32,A43,1366,lt_100,lt_1y,3,A101,4,life_insurance,22,A143,rent,1,A173,1,A191,A201,1,female
0_to_200,12,A32,A40,2002,lt_100,4_7y,3,A101,4,life_insurance,30,A143,rent,1,A173,2,A192,A201,0,male
lt_0,24,A31,A42,6872,lt_100,lt_1y,2,A101,1,life_insurance,55,A141,own,1,A173,1,A192,A201,1,male
lt_0,12,A31,A40,697,lt_100,lt_1y,4,A101,2,car_other,46,A141,own,2,A173,1,A192,A201,1,male
lt_0,18,A34,A42,1049,lt_100,lt_1y,4,A101,4,life_insurance,21,A143,rent,1,A173,1,A191,A201,0,female
lt_0,48,A32,A41,10297,lt_100,4_7y,4,A101,4,none,39,A142,free,3,A173,2,A192,A201,1,male
none,30,A32,A43,1867,unknown_none,ge_7y,4,A101,4,car_other,58,A143,own,1,A173,1,A192,A201,0,male
lt_0,12,A33,A40,1344,lt_100,1_4y,4,A101,2,real_estate,43,A143,own,2,A172,2,A191,A201,0,male
lt_0,24,A32,A42,1747,lt_100,lt_1y,4,A102,1,life_insurance,24,A143,own,1,A172,1,A191,A202,0,male
0_to_200,9,A32,A43,1670,lt_100,lt_1y,4,A101,2,car_other,22,A143,own,1,A173,1,A192,A201,1,female
none,9,A34,A40,1224,lt_100,1_4y,3,A101,1,real_estate,30,A143,own,2,A173,1,A191,A201,0,male
none,12,A34,A43,522,500_1000,ge_7y,4,A101,4,life_insurance,42,A143,own,2,A173,2,A192,A201,0,male
lt_0,12,A32,A43,1498,lt_100,1_4y,4,A101,1,car_other,23,A141,own,1,A173,1,A191,A201,0,female
0_to_200,30,A33,A43,1919,100_500,lt_1y,4,A101,3,none,30,A142,own,2,A174,1,A191,A201,1,male
ge_200,9,A32,A43,745,lt_100,1_4y,3,A101,2,real_estate,28,A143,own,1,A172,1,A191,A201,1,female
0_to_200,6,A32,A43,2063,lt_100,lt_1y,4,A101,3,car_other,30,A143,rent,1,A174,1,A192,A201,0,male
0_to_200,60,A32,A46,6288,lt_100,1_4y,4,A101,4,none,42,A143,free,1,A173,1,A191,A201,1,male
none,24,A34,A41,6842,unknown_none,1_4y,2,A101,4,life_insurance,46,A143,own,2,A174,2,A192,A201,0,male
none,12,A32,A40,3527,unknown_none,lt_1y,2,A101,3,life_insurance,45,A143,own,1,A174,2,A192,A201,0,male
none,10,A32,A40,1546,lt_100,1_4y,3,A101,2,real_estate,31,A143,own,1,A172,2,A191,A202,0,male
none,24,A32,A42,929,unknown_none,4_7y,4,A101,2,car_other,31,A142,own,1,A173,1,A192,A201,0,male
none,4,A34,A40,1455,lt_100,4_7y,2,A101,1,real_estate,42,A143,own,3,A172,2,A191,A201,0,male
lt_0,15,A32,A42,1845,lt_100,lt_1y,4,A103,1,life_insurance,46,A143,rent,1,A173,1,A191,A201,0,female
0_to_200,48,A30,A40,8358,500_1000,lt_1y,1,A101,1,car_other,30,A143,own,2,A173,1,A191,A201,0,female
lt_0,24,A31,A42,3349,500_1000,lt_1y,4,A101,4,none,30,A143,free,1,A173,2,A192,A201,1,male
none,12,A32,A40,2859,unknown_none,unemployed,4,A101,4,none,38,A143,own,1,A174,1,A192,A201,0,male
none,18,A32,A42,1533,lt_100,lt_1y,4,A102,1,life_insurance,43,A143,own,1,A172,2,A191,A201,1,male
none,24,A32,A43,3621,100_500,ge_7y,2,A101,4,car_other,31,A143,own,2,A173,1,A191,A201,1,male
0_to_200,18,A34,A49,3590,lt_100,unemployed,3,A101,3,car_other,40,A143,own,3,A171,2,A192,A201,0,male
lt_0,36,A33,A49,2145,lt_100,4_7y,2,A101,1,car_other,24,A143,own,2,A173,1,A192,A201,1,male
0_to_200,24,A32,A41,4113,500_1000,lt_1y,3,A101,4,car_other,28,A143,rent,1,A173,1,A191,A201,1,female
none,36,A32,A42,10974,lt_100,unemployed,4,A101,2,car_other,26,A143,own,2,A174,1,A192,A201,1,female
lt_0,12,A32,A40,1893,lt_100,1_4y,4,A103,4,life_insurance,29,A143,own,1,A173,1,A192,A201,0,female
lt_0,24,A34,A43,1231,ge_1000,ge_7y,4,A101,4,life_insurance,57,A143,rent,2,A174,1,A192,A201,0,female
ge_200,30,A34,A43,3656,unknown_none,ge_7y,4,A101,4,life_insurance,49,A142,own,2,A172,1,A191,A201,0,male
0_to_200,9,A34,A43,1154,lt_100,ge_7y,2,A101,4,real_estate,37,A143,own,3,A172,1,A191,A201,0,male
lt_0,28,A32,A40,4006,lt_100,1_4y,3,A101,2,car_other,45,A143,own,1,A172,1,A191,A201,1,male
0_to_200,24,A32,A42,3069,100_500,ge_7y,4,A101,4,none,30,A143,free,1,A173,1,A191,A201,0,male
none,6,A34,A43,1740,lt_100,ge_7y,2,A101,2,real_estate,30,A143,rent,2,A173,1,A191,A201,0,male
0_to_200,21,A33,A40,2353,lt_100,1_4y,1,A101,4,life_insurance,47,A143,own,2,A173,1,A191,A201,0,male
none,15,A32,A40,3556,unknown_none,1_4y,3,A101,2,none,29,A143,own,1,A173,1,A191,A201,0,male
none,24,A32,A43,2397,500_1000,ge_7y,3,A101,2,car_other,35,A141,own,2,A173,1,A192,A201,1,male
0_to_200,6,A32,A45,454,lt_100,lt_1y,3,A101,1,life_insurance,22,A143,own,1,A172,1,A191,A201,0,male
0_to_200,30,A32,A43,1715,unknown_none,1_4y,4,A101,1,car_other,26,A143,own,1,A173,1,A191,A201,0,female
0_to_200,27,A34,A43,2520,500_1000,1_4y,4,A101,2,life_insurance,23,A143,own,2,A172,1,A191,A201,1,male
none,15,A32,A43,3568,lt_100,ge_7y,4,A101,2,car_other,54,A141,rent,1,A174,1,A192,A201,0,female
none,42,A32,A43,7166,unknown_none,4_7y,2,A101,4,life_insurance,29,A143,rent,1,A173,1,A192,A201,0,male
lt_0,11,A34,A40,3939,lt_100,1_4y,1,A101,2,real_estate,40,A143,own,2,A172,2,A191,A201,0,male
0_to_200,15,A32,A45,1514,100_500,1_4y,4,A103,2,real_estate,22,A143,own,1,A173,1,A191,A201,0,male
none,24,A32,A40,7393,lt_100,1_4y,1,A101,4,life_insurance,43,A143,own,1,A172,2,A191,A201,0,male
lt_0,24,A31,A40,1193,lt_100,unemployed,1,A102,4,none,29,A143,rent,2,A171,1,A191,A201,1,female
lt_0,60,A32,A49,7297,lt_100,ge_7y,4,A102,4,none,36,A143,rent,1,A173,1,A191,A201,1,male
none,30,A34,A43,2831,lt_100,1_4y,4,A101,2,car_other,33,A143,own,1,A173,1,A192,A201,0,female
ge_200,24,A32,A43,1258,500_1000,1_4y,3,A101,3,car_other,57,A143,own,1,A172,1,A191,A201,0,female
0_to_200,6,A32,A43,753,lt_100,1_4y,2,A103,3,real_estate,64,A143,own,1,A173,1,A191,A201,0,female
0_to_200,18,A33,A49,2427,unknown_none,ge_7y,4,A101,2,life_insurance,42,A143,own,2,A173,1,A191,A201,0,male
none,24,A33,A40,2538,lt_100,ge_7y,4,A101,4,car_other,47,A143,own,2,A172,2,A191,A201,1,male
0_to_200,15,A31,A40,1264,100_500,1_4y,2,A101,2,life_insurance,25,A143,rent,1,A173,1,A191,A201,1,male
0_to_200,30,A34,A42,8386,lt_100,4_7y,2,A101,2,life_insurance,49,A143,own,1,A173,1,A191,A201,1,male
none,48,A32,A49,4844,lt_100,unemployed,3,A101,2,car_other,33,A141,rent,1,A174,1,A192,A201,1,male
ge_200,21,A32,A40,2923,100_500,1_4y,1,A101,1,car_other,28,A141,own,1,A174,1,A192,A201,0,female
lt_0,36,A32,A41,8229,lt_100,1_4y,2,A101,2,life_insurance,26,A143,own,1,A173,2,A191,A201,1,male
none,24,A34,A42,2028,lt_100,4_7y,2,A101,2,life_insurance,30,A143,own,2,A172,1,A191,A201,0,male
lt_0,15,A34,A42,1433,lt_100,1_4y,4,A101,3,life_insurance,25,A143,rent,2,A173,1,A191,A201,0,female
ge_200,42,A30,A49,6289,lt_100,lt_1y,2,A101,1,life_insurance,33,A143,own,2,A173,1,A191,A201,0,male
none,13,A32,A43,1409,100_500,unemployed,2,A101,4,real_estate,64,A143,own,1,A173,1,A191,A201,0,female
lt_0,24,A32,A41,6579,lt_100,unemployed,4,A101,2,none,29,A143,free,1,A174,1,A192,A201,0,male
0_to_200,24,A34,A43,1743,lt_100,ge_7y,4,A101,2,life_insurance,48,A143,own,2,A172,1,A191,A201,0,male
none,12,A34,A46,3565,unknown_none,lt_1y,2,A101,1,life_insurance,37,A143,own,2,A172,2,A191,A201,0,male
none,15,A31,A43,1569,100_500,ge_7y,4,A101,4,car_other,34,A141,own,1,A172,2,A191,A201,0,male
lt_0,18,A32,A43,1936,unknown_none,4_7y,2,A101,4,car_other,23,A143,rent,2,A172,1,A191,A201,0,male
lt_0,36,A32,A42,3959,lt_100,unemployed,4,A101,3,life_insurance,30,A143,own,1,A174,1,A192,A201,0,male
none,12,A32,A40,2390,unknown_none,ge_7y,4,A101,3,car_other,50,A143,own,1,A173,1,A192,A201,0,male
none,12,A32,A42,1736,lt_100,4_7y,3,A101,4,real_estate,31,A143,own,1,A172,1,A191,A201,0,female
lt_0,30,A32,A41,3857,lt_100,1_4y,4,A101,4,life_insurance,40,A143,own,1,A174,1,A192,A201,0,male
none,12,A32,A43,804,lt_100,ge_7y,4,A101,4,car_other,38,A143,own,1,A173,1,A191,A201,0,male
lt_0,45,A32,A43,1845,lt_100,1_4y,4,A101,4,none,23,A143,free,1,A173,1,A192,A201,1,male
0_to_200,45,A34,A41,4576,100_500,unemployed,3,A101,4,car_other,27,A143,own,1,A173,1,A191,A201,0,male
